Product;Yield;Error
H1;1.711E-5;2.9483E-6
H2;8.4E-6;2.4389E-6
H3;1.08E-4;5.8635E-6
He3;0.0;0.0
He4;0.0017;8.1347E-5
He6;2.668E-5;4.8784E-6
Li6;0.0;0.0
Li8;7.292E-7;2.368E-7
Li9;4.071E-7;1.0491E-7
Be8;7.292E-7;1.6507E-7
Be9;4.071E-7;1.6535E-7
Be10;5.201E-6;9.0853E-7
Be12;1.261E-7;4.4982E-8
B9;4.071E-7;1.1018E-7
B10;5.201E-6;8.9948E-7
B12;1.261E-7;5.5747E-8
C12;0.0;0.0
C14;1.578E-6;1.6342E-6
C15;2.528E-7;2.5523E-7
N15;0.0;0.0
Ne21;2.146E-6;2.2368E-6
Ti56;1.0104E-12;1.041E-12
V56;1.3121E-12;1.3385E-12
V57;4.1709E-12;4.1979E-12
V58;3.4908E-12;3.6424E-12
V59;5.7807E-12;6.0389E-12
V60;1.4853E-12;1.5858E-12
Cr56;0.0;0.0
Cr57;1.0236E-12;1.0809E-12
Cr58;7.882E-12;7.968E-12
Cr59;1.476E-11;1.496E-11
Cr60;3.7993E-11;3.8325E-11
Cr61;2.5325E-11;2.6636E-11
Cr62;3.3905E-11;3.5652E-11
Cr63;7.3683E-12;7.8462E-12
Cr64;2.4833E-12;2.666E-12
Mn56;0.0;0.0
Mn57;0.0;0.0
Mn58;0.0;0.0
Mn59;4.6296E-12;4.8545E-12
Mn60;1.377E-12;1.4437E-12
Mn61;8.32E-11;8.3835E-11
Mn62;1.0969E-10;1.1161E-10
Mn63;2.9357E-10;2.9866E-10
Mn64;1.3724E-10;1.4593E-10
Mn65;1.4878E-10;1.5758E-10
Mn66;2.7372E-11;2.9111E-11
Mn67;7.1178E-12;7.628E-12
Fe56;0.0;0.0
Fe57;0.0;0.0
Fe58;0.0;0.0
Fe59;0.0;0.0
Fe60;0.0;0.0
Fe61;5.2697E-12;5.621E-12
Fe62;8.0244E-11;8.3065E-11
Fe63;2.038E-10;2.1042E-10
Fe64;8.8386E-10;8.8805E-10
Fe65;1.1534E-9;1.1793E-9
Fe66;2.3106E-9;2.3671E-9
Fe67;8.6294E-10;9.1901E-10
Fe68;6.6088E-10;7.0272E-10
Fe69;1.0385E-10;1.1024E-10
Fe70;1.993E-11;2.125E-11
Co59;0.0;0.0
Co61;0.0;0.0
Co62;0.0;0.0
Co63;1.5633E-11;1.6626E-11
Co64;8.4623E-11;9.0321E-11
Co65;1.0463E-9;1.0739E-9
Co66;2.3309E-9;2.3872E-9
Co67;8.2736E-9;8.3154E-9
Co68;4.2208E-9;4.3733E-9
Co69;1.4144E-8;1.4667E-8
Co70;2.009E-9;2.1357E-9
Co71;2.3729E-9;2.5103E-9
Co72;3.0293E-10;3.157E-10
Co73;4.6362E-11;1.9097E-11
Co74;2.402E-12;9.772E-13
Ni61;0.0;0.0
Ni62;0.0;0.0
Ni63;0.0;0.0
Ni64;0.0;0.0
Ni65;1.5299E-11;1.6277E-11
Ni66;3.6946E-10;3.908E-10
Ni67;1.572E-9;1.6653E-9
Ni68;1.3978E-8;1.416E-8
Ni69;1.395E-8;1.4122E-8
Ni70;7.7917E-8;7.8073E-8
Ni71;6.0176E-8;6.2349E-8
Ni72;9.0226E-8;9.2617E-8
Ni73;2.0968E-8;8.5417E-9
Ni74;1.4131E-8;5.736E-9
Ni75;1.0069E-9;3.7796E-10
Ni76;5.1404E-10;1.9509E-10
Ni77;1.2128E-11;4.2608E-12
Cu63;0.0;0.0
Cu65;0.0;0.0
Cu66;0.0;0.0
Cu67;2.6349E-11;2.8234E-11
Cu68;9.6836E-11;1.0309E-10
Cu69;6.7139E-9;7.0499E-9
Cu70;1.6519E-9;1.7325E-9
Cu71;1.5372E-7;1.5371E-7
Cu72;2.6393E-7;2.6279E-7
Cu73;6.2762E-7;1.51E-7
Cu74;6.4003E-7;2.3255E-7
Cu75;4.9749E-7;1.7943E-7
Cu76;1.9691E-7;7.432E-8
Cu77;1.1284E-7;3.9598E-8
Cu78;8.736E-9;2.9324E-9
Cu79;1.0631E-9;3.5382E-10
Cu80;3.3921E-11;1.0557E-11
Zn66;0.0;0.0
Zn67;0.0;0.0
Zn68;0.0;0.0
Zn69;3.8377E-12;4.0743E-12
Zn70;7.8558E-10;8.3717E-10
Zn71;1.3876E-9;1.4654E-9
Zn72;1.2653E-7;1.2909E-7
Zn73;3.3574E-8;1.1097E-8
Zn74;2.5591E-6;4.5668E-7
Zn75;5.2354E-6;8.767E-7
Zn76;2.8681E-5;5.6507E-6
Zn77;1.5594E-5;4.4681E-6
Zn78;3.3796E-5;9.3408E-6
Zn79;6.975E-6;2.253E-6
Zn80;2.2625E-6;6.9814E-7
Zn81;2.091E-8;6.8915E-9
Zn82;1.2083E-9;4.1677E-10
Ga69;0.0;0.0
Ga71;2.4756E-11;2.6211E-11
Ga72;5.6971E-10;5.937E-10
Ga73;1.9539E-8;7.9657E-9
Ga74;1.0518E-7;4.1351E-8
Ga75;2.0646E-6;6.4106E-7
Ga76;1.1273E-5;3.6E-6
Ga77;3.4403E-5;7.748E-6
Ga78;6.3249E-5;1.4821E-5
Ga79;1.0958E-4;2.4013E-5
Ga80;1.2845E-4;2.6337E-5
Ga81;4.3397E-5;1.2437E-5
Ga82;1.5705E-5;5.1222E-6
Ga83;4.8588E-7;1.9277E-7
Ga84;1.4445E-8;6.5125E-9
Ga85;4.7349E-10;1.8567E-10
Ge72;0.0;0.0
Ge73;9.3322E-12;3.8442E-12
Ge74;1.5715E-9;6.3916E-10
Ge75;6.9153E-8;2.495E-8
Ge76;7.3046E-6;2.5578E-6
Ge77;2.7857E-5;6.8662E-6
Ge78;1.0549E-4;1.825E-5
Ge79;4.3938E-5;5.4236E-6
Ge79m;2.8742E-4;3.5478E-5
Ge80;8.8028E-4;8.8024E-5
Ge81;8.4509E-4;1.3997E-4
Ge81m;1.9541E-4;3.2364E-5
Ge82;7.6342E-4;2.2939E-4
Ge83;3.2541E-4;1.491E-4
Ge84;1.1412E-4;5.563E-5
Ge85;3.2158E-5;1.2829E-5
Ge86;8.665E-6;3.0051E-6
Ge87;7.6601E-9;2.7375E-9
As75;3.3231E-12;1.2475E-12
As75m;1.0872E-11;4.0813E-12
As76;2.3177E-9;8.7962E-10
As77;1.334E-7;4.6829E-8
As78;2.0733E-6;6.9308E-7
As79;2.2153E-5;7.2449E-6
As80;2.2488E-4;6.2906E-5
As81;6.8459E-4;1.5483E-4
As82;3.5971E-4;6.6695E-5
As82m;0.0010855;2.0127E-4
As83;0.0017613;4.7103E-4
As84;5.263E-4;2.4516E-4
As84m;5.263E-4;2.4516E-4
As85;8.3538E-4;3.533E-4
As86;3.8187E-4;1.381E-4
As87;1.3912E-4;5.0853E-5
As88;1.567E-5;6.0665E-6
As89;2.0663E-6;8.0664E-7
As90;2.5179E-9;9.6213E-10
Se76;0.0;0.0
Se77;1.8762E-12;6.5914E-13
Se77m;1.2273E-11;4.3118E-12
Se78;2.982E-9;1.001E-9
Se79;1.4854E-6;4.9365E-7
Se79m;2.2708E-7;7.5465E-8
Se80;1.8041E-5;5.5617E-6
Se81;2.1809E-5;6.5339E-6
Se81m;1.4266E-4;4.2741E-5
Se82;0.0010024;2.2307E-4
Se83;0.0027263;3.9705E-4
Se83m;6.3039E-4;9.1808E-5
Se84;0.0083885;5.9479E-4
Se85;0.0097447;9.4316E-4
Se86;0.00987;0.0016452
Se87;0.0054464;0.0017074
Se88;0.0027005;0.0011068
Se89;7.835E-4;3.1501E-4
Se90;2.1813E-4;8.4113E-5
Se91;1.7631E-5;6.2171E-6
Se92;2.022E-6;7.0354E-7
Br79;4.7859E-12;1.5929E-12
Br79m;1.5658E-11;5.2115E-12
Br80;3.6305E-10;1.1298E-10
Br80m;1.0956E-9;3.4095E-10
Br81;1.2978E-7;4.2772E-8
Br82;1.907E-6;6.569E-7
Br82m;8.1415E-7;2.8046E-7
Br83;7.1707E-5;2.7881E-5
Br84;1.8606E-4;7.89E-5
Br84m;1.8606E-4;7.89E-5
Br85;0.0024918;7.625E-4
Br86;0.0071381;0.0015026
Br87;0.012767;0.00216
Br88;0.011024;0.0028594
Br89;0.0096596;0.0030997
Br90;0.0046522;0.0017516
Br91;0.002013;7.1239E-4
Br92;3.0262E-4;1.0547E-4
Br93;6.2514E-5;2.2516E-5
Br94;3.4704E-6;1.3117E-6
Br95;7.2593E-9;2.6968E-9
Kr80;0.0;0.0
Kr82;6.7125E-10;2.3154E-10
Kr83;2.2426E-8;8.9155E-9
Kr83m;5.1853E-9;2.0615E-9
Kr84;2.8934E-5;1.2975E-5
Kr85;1.5061E-4;5.7804E-5
Kr85m;3.4824E-5;1.3366E-5
Kr86;0.0022424;6.5874E-4
Kr87;0.0069073;0.0016833
Kr88;0.020639;0.0030085
Kr89;0.034248;0.0035244
Kr90;0.043094;0.0038316
Kr91;0.030849;0.0049295
Kr92;0.017361;0.0044247
Kr93;0.0061399;0.0021089
Kr94;0.0018006;6.7609E-4
Kr95;2.7008E-4;1.0029E-4
Kr96;4.1898E-5;1.5137E-5
Kr97;4.3988E-6;1.5421E-6
Kr98;8.2286E-7;2.8829E-7
Rb85;1.3257E-8;5.1985E-9
Rb86;7.7759E-7;2.685E-7
Rb86m;1.3987E-6;4.8298E-7
Rb87;8.5661E-5;3.0455E-5
Rb88;3.8966E-4;1.4803E-4
Rb89;0.0027967;0.0010131
Rb90;8.557E-4;2.7323E-4
Rb90m;0.0075998;0.0024267
Rb91;0.021575;0.0046184
Rb92;0.026107;0.0050347
Rb93;0.027115;0.005382
Rb94;0.01416;0.0042979
Rb95;0.0082238;0.0027718
Rb96;0.001055;3.738E-4
Rb96m;0.001055;3.738E-4
Rb97;5.8533E-4;2.0386E-4
Rb98;2.9209E-5;1.0226E-5
Rb98m;2.9209E-5;1.0226E-5
Rb99;6.56E-6;2.3665E-6
Rb100;6.7127E-9;2.5499E-9
Sr86;0.0;0.0
Sr87;1.4357E-9;5.1311E-10
Sr87m;3.3197E-10;1.1864E-10
Sr88;1.3881E-5;5.3536E-6
Sr89;1.2427E-4;4.8314E-5
Sr90;0.0011295;4.2072E-4
Sr91;0.0043164;0.0013901
Sr92;0.016104;0.0039204
Sr93;0.02905;0.0053188
Sr94;0.046061;0.0048546
Sr95;0.045288;0.0049061
Sr96;0.038167;0.005098
Sr97;0.018431;0.0043794
Sr98;0.007567;0.0023111
Sr99;0.0019118;6.6982E-4
Sr100;4.4369E-4;1.674E-4
Sr101;3.6656E-5;1.3455E-5
Sr102;1.1617E-6;4.1563E-7
Sr103;7.1962E-10;2.5918E-10
Y89;0.0;0.0
Y89m;0.0;0.0
Y90;1.3422E-6;5.1286E-7
Y90m;1.9046E-6;7.2774E-7
Y91;3.5218E-6;1.2405E-6
Y91m;1.5231E-5;5.3648E-6
Y92;1.1937E-4;4.1447E-5
Y93;1.2734E-4;4.5251E-5
Y93m;8.3297E-4;2.9601E-4
Y94;0.0028076;0.0010275
Y95;0.010776;0.0033996
Y96;0.0063056;0.0016313
Y96m;0.011342;0.0029344
Y97;0.0054103;9.5924E-4
Y97m;0.018441;0.0032695
Y97n;0.0049552;8.7854E-4
Y98;0.0043015;9.1507E-4
Y98m;0.01809;0.0038484
Y99;0.019373;0.0046852
Y100;0.0038858;0.0012948
Y100m;0.0038858;0.0012948
Y101;0.0029714;0.0010259
Y102;2.6931E-4;9.489E-5
Y102m;2.6931E-4;9.489E-5
Y103;7.1712E-5;2.5753E-5
Y104;6.4808E-6;2.4369E-6
Y105;2.5041E-9;1.0207E-9
Zr90;0.0;0.0
Zr90m;0.0;0.0
Zr91;0.0;0.0
Zr92;3.0333E-6;1.0553E-6
Zr93;2.1858E-5;7.8666E-6
Zr94;1.7695E-4;6.6777E-5
Zr95;0.0010044;3.6945E-4
Zr96;0.0051372;0.0017343
Zr97;0.011501;0.0033312
Zr98;0.027064;0.0048938
Zr99;0.036601;0.00511
Zr100;0.045755;0.0043304
Zr101;0.030052;0.0043365
Zr102;0.017397;0.0034446
Zr103;0.0044175;0.0013332
Zr104;0.0010185;3.5716E-4
Zr105;7.193E-5;2.9009E-5
Zr106;8.0296E-6;3.6959E-6
Zr107;2.1572E-9;8.5812E-10
Zr108;2.1585E-11;8.1638E-12
Nb95;2.2213E-6;8.252E-7
Nb95m;5.1361E-7;1.908E-7
Nb96;1.5159E-5;5.4763E-6
Nb97;1.2347E-4;4.3252E-5
Nb97m;2.8549E-5;1.0001E-5
Nb98;1.7463E-4;6.0958E-5
Nb98m;5.2697E-4;1.8395E-4
Nb99;0.0029881;0.0010514
Nb99m;6.9092E-4;2.4311E-4
Nb100;0.0014705;5.1431E-4
Nb100m;0.0061842;0.002163
Nb101;0.015891;0.0040206
Nb102;0.0089475;0.0018
Nb102m;0.0089475;0.0018
Nb103;0.017166;0.002615
Nb104;0.0033313;7.8485E-4
Nb104m;0.0033313;7.8485E-4
Nb105;0.0023434;6.8766E-4
Nb106;3.2363E-4;1.3133E-4
Nb107;5.0042E-5;1.8965E-5
Nb108;4.8336E-6;1.8088E-6
Nb109;1.5906E-6;5.7808E-7
Nb110;7.4167E-11;2.742E-11
Mo95;0.0;0.0
Mo96;0.0;0.0
Mo97;8.7976E-7;3.0843E-7
Mo98;2.4669E-5;8.646E-6
Mo99;1.4749E-4;5.3327E-5
Mo100;9.6688E-4;3.7186E-4
Mo101;0.0028051;0.0010418
Mo102;0.0070418;0.0022434
Mo103;0.0091626;0.002361
Mo104;0.010521;0.0016684
Mo105;0.0062127;7.9168E-4
Mo106;0.0030774;3.1429E-4
Mo107;6.5861E-4;1.3183E-4
Mo108;1.5648E-4;4.1804E-5
Mo109;3.4813E-5;1.1143E-5
Mo110;3.6146E-6;1.3147E-6
Mo111;1.6438E-8;5.8151E-9
Mo112;5.1885E-10;1.9268E-10
Mo113;7.5228E-12;2.7379E-12
Tc99;0.0;0.0
Tc99m;0.0;0.0
Tc100;1.0741E-8;4.0799E-9
Tc101;1.0759E-5;3.9586E-6
Tc102;4.1808E-5;1.5131E-5
Tc102m;4.1808E-5;1.5131E-5
Tc103;2.9755E-4;1.1044E-4
Tc104;5.6214E-4;2.1629E-4
Tc105;8.4576E-4;3.1445E-4
Tc106;6.4468E-4;2.4237E-4
Tc107;6.1328E-4;1.3138E-4
Tc108;3.1946E-4;5.3123E-5
Tc109;1.5452E-4;2.8158E-5
Tc110;9.0831E-5;2.2486E-5
Tc111;3.6714E-5;1.0434E-5
Tc112;4.3594E-6;1.5584E-6
Tc113;1.4882E-6;5.3544E-7
Tc114;1.0588E-6;3.7478E-7
Tc115;8.4259E-11;3.1143E-11
Ru99;0.0;0.0
Ru100;0.0;0.0
Ru101;0.0;0.0
Ru102;2.3062E-6;8.3121E-7
Ru103;1.0372E-6;3.7772E-7
Ru103m;2.5041E-6;9.1188E-7
Ru104;2.3722E-5;9.7119E-6
Ru105;4.1341E-5;2.0573E-5
Ru106;5.4091E-5;4.3194E-5
Ru107;6.7962E-5;3.6967E-5
Ru108;8.3635E-5;3.5532E-5
Ru109;8.9448E-5;2.6614E-5
Ru110;1.4028E-4;2.5677E-5
Ru111;1.1145E-4;1.7605E-5
Ru112;7.1524E-5;1.1436E-5
Ru113;2.0329E-5;5.8575E-6
Ru113m;2.0329E-5;5.8575E-6
Ru114;1.9208E-5;6.0291E-6
Ru115;3.7954E-6;1.3667E-6
Ru116;2.7003E-6;1.0342E-6
Ru117;5.0059E-10;1.7825E-10
Ru118;1.7875E-11;6.1264E-12
Ru119;6.6446E-8;2.2629E-8
Ru120;5.3615E-9;1.8763E-9
Rh103;0.0;0.0
Rh103m;0.0;0.0
Rh105;1.3575E-9;5.5336E-10
Rh105m;2.0752E-10;8.4592E-11
Rh106;5.2533E-9;2.4266E-9
Rh106m;1.2305E-8;5.6836E-9
Rh107;3.1481E-7;1.2535E-7
Rh108;8.885E-7;3.3803E-7
Rh108m;2.6812E-6;1.0201E-6
Rh109;4.7106E-6;1.7203E-6
Rh110;1.203E-5;4.3796E-6
Rh110m;3.2113E-7;1.1691E-7
Rh111;4.1365E-5;1.2668E-5
Rh112;1.6463E-5;4.8701E-6
Rh112m;1.6463E-5;4.8701E-6
Rh113;8.8352E-5;1.5098E-5
Rh114;2.4416E-5;5.8925E-6
Rh114m;2.4416E-5;5.8925E-6
Rh115;5.0787E-5;1.167E-5
Rh116;5.2824E-6;1.8894E-6
Rh116m;1.2373E-5;4.4254E-6
Rh117;7.6084E-6;2.5903E-6
Rh118;3.9775E-6;1.3372E-6
Rh119;2.0022E-5;6.11E-6
Rh120;2.4818E-6;8.5689E-7
Rh121;3.8236E-7;1.4095E-7
Rh122;1.8085E-8;6.6951E-9
Pd105;0.0;0.0
Pd106;0.0;0.0
Pd107;0.0;0.0
Pd108;6.4757E-10;2.4492E-10
Pd109;2.7216E-9;9.9515E-10
Pd109m;5.1149E-9;1.8702E-9
Pd110;2.5416E-7;9.3946E-8
Pd111;2.457E-6;8.5495E-7
Pd111m;4.6177E-6;1.6067E-6
Pd112;8.5425E-6;3.0347E-6
Pd113;7.693E-6;2.4855E-6
Pd113m;1.8572E-5;6.0004E-6
Pd114;5.7856E-5;1.2394E-5
Pd115;1.8816E-5;4.103E-6
Pd115m;3.5362E-5;7.711E-6
Pd116;1.1979E-4;1.2179E-5
Pd117;2.3272E-5;4.6556E-6
Pd117m;4.3737E-5;8.7494E-6
Pd118;7.2631E-5;1.5615E-5
Pd119;2.5381E-5;7.5693E-6
Pd120;1.3712E-5;4.4686E-6
Pd121;1.3219E-6;4.8446E-7
Pd122;1.2819E-5;4.4392E-6
Pd123;9.0631E-7;3.2508E-7
Pd124;2.2504E-7;8.0403E-8
Ag109;0.0;0.0
Ag109m;0.0;0.0
Ag110;5.1211E-12;1.8933E-12
Ag110m;1.1995E-11;4.4345E-12
Ag111;1.6462E-10;5.8246E-11
Ag111m;1.0769E-9;3.8101E-10
Ag112;1.2622E-8;4.687E-9
Ag113;1.9606E-7;7.0998E-8
Ag113m;1.2825E-6;4.6443E-7
Ag114;2.0247E-7;7.1995E-8
Ag114m;8.5153E-7;3.0278E-7
Ag115;5.005E-7;1.8121E-7
Ag115m;3.274E-6;1.1854E-6
Ag116;4.7962E-6;1.7543E-6
Ag116m;1.1234E-5;4.1091E-6
Ag117;6.6865E-6;1.669E-6
Ag117m;4.3739E-5;1.0918E-5
Ag118;9.5862E-6;2.529E-6
Ag118m;4.0316E-5;1.0636E-5
Ag119;1.0443E-5;1.9828E-6
Ag119m;6.8314E-5;1.297E-5
Ag120;2.2215E-5;5.6673E-6
Ag120m;3.1523E-5;8.0417E-6
Ag121;2.9591E-5;8.9367E-6
Ag122;7.2718E-6;2.52E-6
Ag122m;6.5502E-6;2.2699E-6
Ag123;2.57E-6;9.1169E-7
Ag124;3.5729E-6;1.2358E-6
Ag124m;3.2183E-6;1.1132E-6
Ag125;3.483E-6;1.1875E-6
Ag126;1.3673E-6;4.5387E-7
Ag127;9.3548E-7;3.0109E-7
Ag128;1.589E-8;5.2201E-9
Ag129;9.9181E-10;3.416E-10
Cd110;0.0;0.0
Cd111;0.0;0.0
Cd112;0.0;0.0
Cd113;1.7611E-11;6.4092E-12
Cd113m;5.7617E-11;2.0969E-11
Cd114;4.1826E-9;1.4947E-9
Cd115;1.1348E-8;4.1934E-9
Cd115m;3.7128E-8;1.372E-8
Cd116;2.6862E-6;1.0342E-6
Cd117;6.6356E-7;2.333E-7
Cd117m;2.1709E-6;7.6329E-7
Cd118;2.2222E-5;6.9548E-6
Cd119;9.7808E-6;2.843E-6
Cd119m;2.3612E-5;6.8633E-6
Cd120;7.7853E-5;1.5769E-5
Cd121;2.4316E-5;3.262E-6
Cd121m;5.8703E-5;7.875E-6
Cd122;1.2264E-4;1.6287E-5
Cd123;2.044E-5;4.0543E-6
Cd123m;4.9345E-5;9.7877E-6
Cd124;1.2782E-4;2.2768E-5
Cd125;3.4735E-5;7.2311E-6
Cd125m;8.3855E-5;1.7457E-5
Cd126;1.8876E-4;3.681E-5
Cd127;1.4772E-4;3.4016E-5
Cd128;8.7524E-5;2.3883E-5
Cd129;8.4953E-6;2.7262E-6
Cd129m;2.0509E-5;6.5814E-6
Cd130;1.1133E-5;3.942E-6
Cd131;2.11E-8;7.3665E-9
In113;0.0;0.0
In115;6.8435E-12;2.5294E-12
In115m;1.5824E-12;5.8487E-13
In116;9.6944E-11;3.7621E-11
In116m;1.4859E-10;5.7664E-11
In116n;1.4392E-10;5.585E-11
In117;1.3543E-8;4.8222E-9
In117m;3.1314E-9;1.115E-9
In118;4.8799E-8;1.6721E-8
In118m;7.4797E-8;2.5629E-8
In118n;7.2444E-8;2.4823E-8
In119;7.1508E-11;2.4362E-11
In119m;1.6534E-11;5.6331E-12
In120;1.7847E-6;6.1917E-7
In120m;1.7847E-6;6.1917E-7
In120n;1.7847E-6;6.1917E-7
In121;1.034E-5;3.674E-6
In121m;2.3909E-6;8.4951E-7
In122;1.296E-5;4.504E-6
In122m;9.195E-6;3.1955E-6
In122n;9.195E-6;3.1955E-6
In123;4.7327E-5;1.1259E-5
In123m;1.0943E-5;2.6035E-6
In124;3.9413E-5;1.1147E-5
In124m;3.5503E-5;1.004E-5
In125;1.0553E-4;2.2658E-5
In125m;2.4401E-5;5.2391E-6
In126;1.1288E-4;2.7001E-5
In126m;1.0168E-4;2.4322E-5
In127;4.3325E-4;9.558E-5
In127m;1.0018E-4;2.21E-5
In128;2.9682E-4;7.7887E-5
In128m;1.2082E-4;3.1705E-5
In128n;3.762E-4;9.8718E-5
In129;8.1219E-4;2.1848E-4
In129m;1.878E-4;5.0518E-5
In130;1.4866E-4;4.7667E-5
In130m;1.6604E-4;5.324E-5
In130n;2.825E-4;9.0584E-5
In131;6.7727E-5;2.2759E-5
In131m;6.7727E-5;2.2759E-5
In131n;6.7727E-5;2.2759E-5
In132;1.0603E-5;3.6297E-6
In133;4.6663E-7;1.6618E-7
In133m;1.079E-7;3.8424E-8
In134;6.9594E-9;2.6587E-9
Sn115;0.0;0.0
Sn116;0.0;0.0
Sn117;0.0;0.0
Sn117m;0.0;0.0
Sn118;7.7456E-11;2.6547E-11
Sn119;0.0;0.0
Sn119m;0.0;0.0
Sn120;0.0;0.0
Sn121;1.7438E-12;6.4453E-13
Sn121m;4.2097E-12;1.556E-12
Sn122;3.3812E-6;1.2466E-6
Sn123;4.4771E-6;1.5798E-6
Sn123m;1.8546E-6;6.544E-7
Sn124;3.9692E-5;1.311E-5
Sn125;3.3594E-5;1.0737E-5
Sn125m;1.3915E-5;4.4474E-6
Sn126;1.7055E-4;4.7317E-5
Sn127;3.7483E-4;8.4612E-5
Sn127m;1.5526E-4;3.5048E-5
Sn128;6.764E-4;7.4387E-5
Sn128m;0.0015843;1.7423E-4
Sn129;0.0016852;1.6682E-4
Sn129m;0.0040683;4.0274E-4
Sn130;0.0036458;5.0298E-4
Sn130m;0.0085392;0.0011781
Sn131;0.0033309;6.5908E-4
Sn131m;0.0080411;0.0015911
Sn132;0.0073672;0.0018739
Sn133;9.5862E-4;3.3046E-4
Sn134;1.0888E-4;4.1441E-5
Sn135;9.9098E-6;3.6238E-6
Sn136;8.9273E-7;3.1311E-7
Sb121;0.0;0.0
Sb123;0.0;0.0
Sb124;2.6892E-11;9.62E-12
Sb124m;2.0562E-11;7.3556E-12
Sb124n;2.781E-11;9.9484E-12
Sb125;3.4432E-6;1.1877E-6
Sb126;3.0031E-6;9.9795E-7
Sb126m;2.2204E-6;7.3786E-7
Sb126n;2.9039E-6;9.65E-7
Sb127;2.87E-5;9.2021E-6
Sb128;7.0334E-5;2.2732E-5
Sb128m;1.2002E-4;3.8788E-5
Sb129;7.8866E-4;2.5635E-4
Sb129m;4.8194E-4;1.5665E-4
Sb130;0.002533;7.7515E-4
Sb130m;0.002533;7.7515E-4
Sb131;0.013297;0.0025175
Sb132;0.01179;0.0021798
Sb132m;0.0086897;0.0016065
Sb133;0.024142;0.0048678
Sb134;0.0019194;6.6013E-4
Sb134m;0.0044957;0.0015462
Sb135;0.0014046;5.007E-4
Sb136;2.1462E-4;7.4954E-5
Sb137;2.2588E-5;8.0374E-6
Sb138;3.9392E-7;1.4699E-7
Sb139;1.2132E-8;4.3945E-9
Te124;0.0;0.0
Te125;0.0;0.0
Te125m;0.0;0.0
Te126;2.4392E-11;8.1379E-12
Te127;5.4641E-7;1.7633E-7
Te127m;1.3191E-6;4.2567E-7
Te128;5.4196E-6;1.7798E-6
Te129;2.4565E-5;8.4393E-6
Te129m;5.9304E-5;2.0374E-5
Te130;8.0301E-4;2.9072E-4
Te131;0.0012624;4.0915E-4
Te131m;0.0030475;9.8775E-4
Te132;0.015042;0.0036125
Te133;0.011536;0.0014861
Te133m;0.02785;0.0035876
Te134;0.063001;0.0041485
Te135;0.034777;0.0054889
Te136;0.016652;0.004203
Te137;0.004844;0.0015974
Te138;0.001128;4.1453E-4
Te139;1.6977E-4;6.1363E-5
Te140;2.4771E-5;8.7074E-6
Te141;6.0694E-8;2.1076E-8
Te142;2.3177E-9;8.2576E-10
I127;0.0;0.0
I129;3.6366E-9;1.2525E-9
I130;1.5116E-6;5.529E-7
I130m;6.4534E-7;2.3605E-7
I131;2.9604E-5;1.0333E-5
I132;1.6349E-4;5.5941E-5
I132m;1.205E-4;4.1229E-5
I133;0.0012302;4.3312E-4
I133m;7.5174E-4;2.6468E-4
I134;0.0044173;0.0015765
I134m;0.0032557;0.0011619
I135;0.024635;0.0053729
I136;0.0090903;0.0016331
I136m;0.021292;0.0038252
I137;0.027026;0.0053108
I138;0.012419;0.0038407
I139;0.0073846;0.0024263
I140;0.0019313;6.6619E-4
I141;4.6843E-4;1.6186E-4
I142;4.6773E-5;1.6658E-5
I143;4.3187E-6;1.6019E-6
I144;7.4082E-9;2.7318E-9
Xe130;0.0;0.0
Xe131;2.06E-10;7.1922E-11
Xe131m;4.9731E-10;1.7363E-10
Xe132;1.654E-6;5.6717E-7
Xe132m;1.8748E-6;6.4293E-7
Xe133;1.2449E-5;4.4328E-6
Xe133m;3.0053E-5;1.0701E-5
Xe134;1.0471E-4;3.9919E-5
Xe134m;2.4527E-4;9.3501E-5
Xe135;7.3122E-4;2.6037E-4
Xe135m;0.0017653;6.2856E-4
Xe136;0.016028;0.0042176
Xe137;0.029632;0.005333
Xe138;0.049826;0.0045003
Xe139;0.043433;0.0047758
Xe140;0.038343;0.0050984
Xe141;0.019466;0.0046566
Xe142;0.0068491;0.0022627
Xe143;0.0018222;6.6902E-4
Xe144;3.1546E-4;1.1624E-4
Xe145;3.1727E-5;1.0898E-5
Xe146;5.5535E-6;1.8576E-6
Xe147;5.3848E-10;1.863E-10
Cs133;0.0;0.0
Cs134;1.0016E-8;3.8265E-9
Cs134m;7.382E-9;2.8202E-9
Cs135;5.5903E-7;2.045E-7
Cs135m;3.4162E-7;1.2496E-7
Cs136;2.2516E-5;7.8932E-6
Cs136m;1.3195E-5;4.6258E-6
Cs137;8.1095E-4;2.8555E-4
Cs138;0.00139;4.9715E-4
Cs138m;0.0019723;7.0544E-4
Cs139;0.011949;0.0035481
Cs140;0.018194;0.0045685
Cs141;0.02908;0.0050927
Cs142;0.023329;0.0049473
Cs143;0.015682;0.0045113
Cs144;0.0034328;0.001201
Cs144m;0.0034328;0.001201
Cs145;0.0019681;6.6865E-4
Cs146;3.2346E-4;1.0806E-4
Cs147;6.6508E-5;2.3007E-5
Cs148;2.7207E-6;1.0027E-6
Cs149;2.8062E-9;9.9823E-10
Ba134;0.0;0.0
Ba136;2.671E-7;9.3683E-8
Ba136m;6.2561E-7;2.1943E-7
Ba137;2.0354E-6;7.2449E-7
Ba137m;4.9138E-6;1.749E-6
Ba138;1.3944E-4;5.1897E-5
Ba139;8.5377E-4;3.0401E-4
Ba140;0.0050254;0.0015902
Ba141;0.0095955;0.0027041
Ba142;0.027621;0.0048626
Ba143;0.039933;0.0048272
Ba144;0.041418;0.0034735
Ba145;0.023553;0.0031561
Ba146;0.010771;0.0025434
Ba147;0.0038881;0.0012549
Ba148;8.7512E-4;3.2138E-4
Ba149;1.2213E-4;4.3407E-5
Ba150;1.0524E-5;3.503E-6
Ba151;6.6796E-9;2.1911E-9
Ba152;1.0153E-10;3.5622E-11
La139;1.9412E-8;7.0313E-9
La140;6.4628E-6;2.2719E-6
La141;1.0678E-4;3.6952E-5
La142;3.1629E-4;1.1162E-4
La143;0.0021562;7.5324E-4
La144;0.0056665;0.0017919
La145;0.012709;0.0028735
La146;0.0046406;9.1933E-4
La146m;0.0083474;0.0016537
La147;0.0094631;0.0019158
La148;0.0047001;0.0014067
La149;0.0018628;6.2424E-4
La150;4.8783E-4;1.6045E-4
La151;8.6567E-5;2.8346E-5
La152;1.1309E-5;3.9664E-6
La153;2.2026E-8;8.4908E-9
La154;1.3004E-10;5.5082E-11
Ce140;0.0;0.0
Ce141;1.4115E-9;4.9015E-10
Ce142;1.0956E-5;3.9006E-6
Ce143;4.7634E-5;1.7612E-5
Ce144;4.1193E-4;1.4807E-4
Ce145;0.0015366;4.8177E-4
Ce146;0.0058891;0.0013762
Ce147;0.0089443;0.0016671
Ce148;0.010936;0.0014789
Ce149;0.0072982;7.6595E-4
Ce150;0.0042474;4.6778E-4
Ce151;0.0017878;3.8373E-4
Ce152;5.1768E-4;1.6698E-4
Ce153;7.8988E-5;2.9975E-5
Ce154;8.3777E-6;3.5301E-6
Ce155;1.7006E-8;7.0774E-9
Ce156;3.784E-10;1.4376E-10
Ce157;1.5657E-12;5.5683E-13
Pr141;0.0;0.0
Pr143;0.0;0.0
Pr144;7.4971E-10;2.7646E-10
Pr144m;6.6585E-9;2.4553E-9
Pr145;2.1898E-6;7.5193E-7
Pr146;2.0066E-5;6.6846E-6
Pr147;1.1671E-4;3.9401E-5
Pr148;7.1911E-5;2.4485E-5
Pr148m;3.0243E-4;1.0297E-4
Pr149;9.6135E-4;2.8159E-4
Pr150;0.0015735;3.7802E-4
Pr151;0.0018411;3.6677E-4
Pr152;0.0010605;2.1921E-4
Pr153;4.7512E-4;1.3282E-4
Pr154;1.1304E-4;4.295E-5
Pr155;2.6192E-5;1.016E-5
Pr156;2.9161E-6;1.0876E-6
Pr157;3.1516E-8;1.1204E-8
Pr158;2.1533E-10;8.1311E-11
Pr159;3.7559E-12;1.3673E-12
Nd143;0.0;0.0
Nd144;0.0;0.0
Nd145;0.0;0.0
Nd146;1.2612E-9;4.2187E-10
Nd147;9.9524E-7;3.4412E-7
Nd148;1.4633E-5;5.3447E-6
Nd149;4.592E-5;1.5929E-5
Nd150;2.3186E-4;6.8947E-5
Nd151;5.7277E-4;1.4052E-4
Nd152;9.4346E-4;1.8104E-4
Nd153;8.9336E-4;1.3728E-4
Nd154;5.8062E-4;5.2311E-5
Nd155;2.4297E-4;2.2536E-5
Nd156;8.8985E-5;1.2033E-5
Nd157;2.2774E-5;5.5752E-6
Nd158;2.9957E-6;1.0061E-6
Nd159;1.1721E-8;4.2635E-9
Nd160;4.9816E-10;5.4208E-10
Pm147;0.0;0.0
Pm149;2.0044E-9;7.1303E-10
Pm150;9.5514E-7;3.1871E-7
Pm151;1.0777E-6;3.5454E-7
Pm152;1.7255E-6;6.2277E-7
Pm152m;3.4457E-6;1.2436E-6
Pm152n;3.8113E-6;1.3755E-6
Pm153;2.0349E-5;8.432E-6
Pm154;1.4698E-5;6.88E-6
Pm154m;1.4698E-5;6.88E-6
Pm155;3.3561E-5;1.4351E-5
Pm156;3.4914E-5;1.1117E-5
Pm157;2.7381E-5;6.2393E-6
Pm158;5.9194E-6;1.7557E-6
Pm159;3.0456E-6;8.6533E-7
Pm160;1.3287E-7;1.4412E-7
Pm161;3.2081E-9;1.1962E-9
Pm162;2.0371E-10;2.225E-10
Pm163;5.557E-12;5.9927E-12
Sm147;0.0;0.0
Sm149;0.0;0.0
Sm150;0.0;0.0
Sm151;1.095E-10;3.592E-11
Sm152;3.8581E-9;1.3536E-9
Sm153;1.4005E-8;5.3996E-9
Sm153m;3.381E-8;1.3035E-8
Sm154;9.291E-7;3.9485E-7
Sm155;8.5982E-6;3.6285E-6
Sm156;7.567E-6;2.8179E-6
Sm157;1.5739E-5;4.6269E-6
Sm158;1.0293E-5;2.2365E-6
Sm159;6.081E-6;1.0417E-6
Sm160;3.4953E-6;3.4752E-6
Sm161;4.4101E-7;9.0428E-8
Sm162;8.2741E-8;8.9366E-8
Sm163;3.527E-9;3.7994E-9
Sm164;2.2718E-10;2.4517E-10
Sm165;3.7584E-12;4.0106E-12
Eu151;0.0;0.0
Eu153;0.0;0.0
Eu154;3.0405E-11;1.288E-11
Eu154m;2.7389E-11;1.1602E-11
Eu155;2.4798E-9;1.0321E-9
Eu156;1.9313E-8;7.337E-9
Eu157;2.6093E-7;9.2588E-8
Eu158;3.8592E-7;1.4396E-7
Eu159;1.4948E-6;4.8969E-7
Eu160;6.9853E-7;7.4778E-7
Eu161;3.4701E-7;8.701E-8
Eu162;3.1513E-7;3.2936E-7
Eu163;1.4257E-7;1.4676E-7
Eu164;1.2974E-8;1.3871E-8
Eu165;2.6883E-9;2.8552E-9
Eu166;9.4087E-11;1.0018E-10
Eu167;4.5226E-12;4.8508E-12
Gd154;0.0;0.0
Gd155;0.0;0.0
Gd156;0.0;0.0
Gd157;5.0101E-11;1.7819E-11
Gd158;9.8213E-10;3.7085E-10
Gd159;5.8826E-9;2.1408E-9
Gd160;5.3549E-8;5.82E-8
Gd161;2.1595E-8;7.9332E-9
Gd162;1.9506E-7;2.0744E-7
Gd163;1.0022E-7;1.0465E-7
Gd164;8.5914E-8;8.6766E-8
Gd165;2.1817E-8;2.2376E-8
Gd166;8.4847E-9;8.7134E-9
Gd167;5.9843E-10;6.3815E-10
Gd168;8.4457E-11;8.9997E-11
Gd169;2.4667E-12;2.625E-12
Tb159;1.3658E-12;4.972E-13
Tb160;1.8517E-11;2.015E-11
Tb161;9.746E-11;3.6429E-11
Tb162;1.3232E-9;1.4451E-9
Tb163;7.7975E-9;8.3886E-9
Tb164;8.4628E-9;9.0783E-9
Tb165;2.0625E-8;2.1202E-8
Tb166;9.0521E-9;9.2726E-9
Tb167;6.1812E-9;6.2197E-9
Tb168;1.1183E-9;1.1625E-9
Tb169;3.7891E-10;3.9469E-10
Tb170;2.0E-11;2.1362E-11
Tb171;2.098E-12;2.2432E-12
Dy160;0.0;0.0
Dy161;0.0;0.0
Dy162;0.0;0.0
Dy163;6.4456E-12;6.9511E-12
Dy164;8.9411E-11;9.6501E-11
Dy165;2.7466E-10;2.9294E-10
Dy165m;4.1988E-11;4.4782E-11
Dy166;1.5253E-9;1.6144E-9
Dy167;1.2619E-9;1.3369E-9
Dy168;2.1401E-9;2.1683E-9
Dy169;8.2716E-10;8.3893E-10
Dy170;4.3928E-10;4.4266E-10
Dy171;6.1853E-11;6.4895E-11
Dy172;1.694E-11;1.7783E-11
Ho165;0.0;0.0
Ho166;6.7039E-13;7.1404E-13
Ho166m;1.5702E-12;1.6725E-12
Ho167;2.3033E-11;2.47E-11
Ho168;2.2561E-11;2.4058E-11
Ho168m;3.2014E-11;3.4137E-11
Ho169;2.2109E-10;2.324E-10
Ho170;9.6094E-11;1.0105E-10
Ho170m;4.1026E-11;4.3142E-11
Ho171;1.7956E-10;1.811E-10
Ho172;5.7579E-11;5.8534E-11
Ho173;2.6367E-11;2.6783E-11
Ho174;2.5281E-12;2.6858E-12
Er166;0.0;0.0
Er167;0.0;0.0
Er167m;0.0;0.0
Er168;0.0;0.0
Er169;0.0;0.0
Er170;5.6747E-12;6.0723E-12
Er171;9.9377E-12;1.06E-11
Er172;3.1952E-11;3.3154E-11
Er173;1.6666E-11;1.7245E-11
Er174;1.4999E-11;1.5073E-11
Er175;3.9805E-12;4.0655E-12
Er176;1.5845E-12;1.622E-12
Tm169;0.0;0.0
Tm171;0.0;0.0
Tm172;0.0;0.0
Tm173;1.148E-12;1.2219E-12
Tm174;1.3194E-12;1.4089E-12
Tm175;3.3811E-12;3.4756E-12
Tm176;1.5186E-12;1.5572E-12
Tm177;1.089E-12;1.0951E-12
Yb171;0.0;0.0
Yb172;0.0;0.0
Yb173;0.0;0.0
Yb174;0.0;0.0
Yb175;0.0;0.0
Yb175m;0.0;0.0
Yb176;0.0;0.0
Yb176m;0.0;0.0
Yb177;0.0;0.0
Yb177m;0.0;0.0
Lu175;0.0;0.0
Lu177;0.0;0.0
Hf177;0.0;0.0
