;Product;Yield;Error;Z;N
0;H1;1.711e-05;2.9483e-06;1;0
1;H2;8.400000000000001e-06;2.4389e-06;1;1
2;H3;0.00010800000000000001;5.8635e-06;1;2
3;He3;0.0;0.0;2;1
4;He4;0.0017;8.134699999999999e-05;2;2
5;He6;2.668e-05;4.8784e-06;2;4
6;Li6;0.0;0.0;3;3
7;Li8;7.292e-07;2.368e-07;3;5
8;Li9;4.071e-07;1.0490999999999999e-07;3;6
9;Be8;7.292e-07;1.6507e-07;4;4
10;Be9;4.071e-07;1.6535e-07;4;5
11;Be10;5.201e-06;9.085299999999999e-07;4;6
12;Be12;1.261e-07;4.4982e-08;4;8
13;B9;4.071e-07;1.1017999999999998e-07;5;4
14;B10;5.201e-06;8.994799999999999e-07;5;5
15;B12;1.261e-07;5.5747e-08;5;7
16;C12;0.0;0.0;6;6
17;C14;1.5780000000000002e-06;1.6342e-06;6;8
18;C15;2.528e-07;2.5523000000000004e-07;6;9
19;N15;0.0;0.0;7;8
20;Ne21;2.146e-06;2.2368e-06;10;11
21;Ti56;1.0104e-12;1.041e-12;22;34
22;V56;1.3121e-12;1.3385e-12;23;33
23;V57;4.1709e-12;4.1979e-12;23;34
24;V58;3.4908e-12;3.6424e-12;23;35
25;V59;5.7807e-12;6.0389e-12;23;36
26;V60;1.4853e-12;1.5858e-12;23;37
27;Cr56;0.0;0.0;24;32
28;Cr57;1.0236e-12;1.0809e-12;24;33
29;Cr58;7.882e-12;7.968e-12;24;34
30;Cr59;1.476e-11;1.4960000000000002e-11;24;35
31;Cr60;3.7993e-11;3.832500000000001e-11;24;36
32;Cr61;2.5325e-11;2.6636e-11;24;37
33;Cr62;3.3905000000000005e-11;3.5652e-11;24;38
34;Cr63;7.3683e-12;7.8462e-12;24;39
35;Cr64;2.4833e-12;2.666e-12;24;40
36;Mn56;0.0;0.0;25;31
37;Mn57;0.0;0.0;25;32
38;Mn58;0.0;0.0;25;33
39;Mn59;4.6296e-12;4.8545e-12;25;34
40;Mn60;1.3769999999999999e-12;1.4437e-12;25;35
41;Mn61;8.320000000000001e-11;8.383499999999999e-11;25;36
42;Mn62;1.0969e-10;1.1161e-10;25;37
43;Mn63;2.9357e-10;2.9866000000000003e-10;25;38
44;Mn64;1.3724e-10;1.4593e-10;25;39
45;Mn65;1.4878e-10;1.5758000000000001e-10;25;40
46;Mn66;2.7372e-11;2.9111000000000006e-11;25;41
47;Mn67;7.1178e-12;7.628e-12;25;42
48;Fe56;0.0;0.0;26;30
49;Fe57;0.0;0.0;26;31
50;Fe58;0.0;0.0;26;32
51;Fe59;0.0;0.0;26;33
52;Fe60;0.0;0.0;26;34
53;Fe61;5.2697e-12;5.621e-12;26;35
54;Fe62;8.0244e-11;8.3065e-11;26;36
55;Fe63;2.0380000000000004e-10;2.1041999999999998e-10;26;37
56;Fe64;8.838600000000001e-10;8.880499999999999e-10;26;38
57;Fe65;1.1534000000000002e-09;1.1792999999999998e-09;26;39
58;Fe66;2.3106e-09;2.3671000000000002e-09;26;40
59;Fe67;8.629400000000001e-10;9.1901e-10;26;41
60;Fe68;6.608799999999999e-10;7.0272e-10;26;42
61;Fe69;1.0385e-10;1.1023999999999999e-10;26;43
62;Fe70;1.993e-11;2.125e-11;26;44
63;Co59;0.0;0.0;27;32
64;Co61;0.0;0.0;27;34
65;Co62;0.0;0.0;27;35
66;Co63;1.5633e-11;1.6625999999999996e-11;27;36
67;Co64;8.462299999999999e-11;9.0321e-11;27;37
68;Co65;1.0463e-09;1.0739000000000002e-09;27;38
69;Co66;2.3309000000000003e-09;2.3871999999999998e-09;27;39
70;Co67;8.2736e-09;8.315399999999999e-09;27;40
71;Co68;4.2208e-09;4.3733e-09;27;41
72;Co69;1.4144e-08;1.4666999999999998e-08;27;42
73;Co70;2.009e-09;2.1357e-09;27;43
74;Co71;2.3729e-09;2.5103000000000003e-09;27;44
75;Co72;3.0293e-10;3.157e-10;27;45
76;Co73;4.6361999999999993e-11;1.9097e-11;27;46
77;Co74;2.4019999999999997e-12;9.772e-13;27;47
78;Ni61;0.0;0.0;28;33
79;Ni62;0.0;0.0;28;34
80;Ni63;0.0;0.0;28;35
81;Ni64;0.0;0.0;28;36
82;Ni65;1.5299e-11;1.6277e-11;28;37
83;Ni66;3.6946e-10;3.9080000000000004e-10;28;38
84;Ni67;1.5720000000000002e-09;1.6652999999999998e-09;28;39
85;Ni68;1.3978e-08;1.4159999999999999e-08;28;40
86;Ni69;1.3950000000000001e-08;1.4121999999999999e-08;28;41
87;Ni70;7.7917e-08;7.8073e-08;28;42
88;Ni71;6.0176e-08;6.2349e-08;28;43
89;Ni72;9.0226e-08;9.261699999999999e-08;28;44
90;Ni73;2.0968e-08;8.541700000000002e-09;28;45
91;Ni74;1.4131000000000001e-08;5.736e-09;28;46
92;Ni75;1.0069000000000001e-09;3.7795999999999995e-10;28;47
93;Ni76;5.1404e-10;1.9509000000000002e-10;28;48
94;Ni77;1.2128e-11;4.2608e-12;28;49
95;Cu63;0.0;0.0;29;34
96;Cu65;0.0;0.0;29;36
97;Cu66;0.0;0.0;29;37
98;Cu67;2.6349e-11;2.8234e-11;29;38
99;Cu68;9.6836e-11;1.0309e-10;29;39
100;Cu69;6.713899999999999e-09;7.0499e-09;29;40
101;Cu70;1.6519e-09;1.7325e-09;29;41
102;Cu71;1.5372e-07;1.5371e-07;29;42
103;Cu72;2.6393e-07;2.6279e-07;29;43
104;Cu73;6.276200000000001e-07;1.51e-07;29;44
105;Cu74;6.4003e-07;2.3255e-07;29;45
106;Cu75;4.974899999999999e-07;1.7942999999999999e-07;29;46
107;Cu76;1.9690999999999998e-07;7.432e-08;29;47
108;Cu77;1.1284000000000001e-07;3.9598e-08;29;48
109;Cu78;8.736e-09;2.9324e-09;29;49
110;Cu79;1.0631e-09;3.5381999999999997e-10;29;50
111;Cu80;3.3921e-11;1.0557000000000002e-11;29;51
112;Zn66;0.0;0.0;30;36
113;Zn67;0.0;0.0;30;37
114;Zn68;0.0;0.0;30;38
115;Zn69;3.8377e-12;4.0743e-12;30;39
116;Zn70;7.8558e-10;8.3717e-10;30;40
117;Zn71;1.3876e-09;1.4654000000000001e-09;30;41
118;Zn72;1.2652999999999998e-07;1.2909e-07;30;42
119;Zn73;3.3574e-08;1.1096999999999998e-08;30;43
120;Zn74;2.5590999999999998e-06;4.5668e-07;30;44
121;Zn75;5.2354e-06;8.767e-07;30;45
122;Zn76;2.8681e-05;5.650700000000001e-06;30;46
123;Zn77;1.5594e-05;4.4681e-06;30;47
124;Zn78;3.3796e-05;9.3408e-06;30;48
125;Zn79;6.975e-06;2.2530000000000003e-06;30;49
126;Zn80;2.2625e-06;6.9814e-07;30;50
127;Zn81;2.0909999999999997e-08;6.8915e-09;30;51
128;Zn82;1.2082999999999998e-09;4.1677e-10;30;52
129;Ga69;0.0;0.0;31;38
130;Ga71;2.4756e-11;2.6210999999999998e-11;31;40
131;Ga72;5.6971e-10;5.937e-10;31;41
132;Ga73;1.9539e-08;7.9657e-09;31;42
133;Ga74;1.0517999999999999e-07;4.1351000000000004e-08;31;43
134;Ga75;2.0646e-06;6.4106e-07;31;44
135;Ga76;1.1273e-05;3.6000000000000003e-06;31;45
136;Ga77;3.4403e-05;7.748e-06;31;46
137;Ga78;6.324899999999999e-05;1.4821e-05;31;47
138;Ga79;0.00010958;2.4013000000000002e-05;31;48
139;Ga80;0.00012845;2.6337e-05;31;49
140;Ga81;4.3397e-05;1.2437e-05;31;50
141;Ga82;1.5705e-05;5.122200000000001e-06;31;51
142;Ga83;4.858800000000001e-07;1.9277e-07;31;52
143;Ga84;1.4445e-08;6.5124999999999996e-09;31;53
144;Ga85;4.7349e-10;1.8567e-10;31;54
145;Ge72;0.0;0.0;32;40
146;Ge73;9.3322e-12;3.8442e-12;32;41
147;Ge74;1.5715000000000002e-09;6.3916e-10;32;42
148;Ge75;6.9153e-08;2.4950000000000002e-08;32;43
149;Ge76;7.3046e-06;2.5578e-06;32;44
150;Ge77;2.7856999999999998e-05;6.8662000000000004e-06;32;45
151;Ge78;0.00010549;1.825e-05;32;46
152;Ge79;4.3938e-05;5.4236e-06;32;47
153;Ge79m;0.00028742;3.5478e-05;32;47
154;Ge80;0.00088028;8.8024e-05;32;48
155;Ge81;0.00084509;0.00013997;32;49
156;Ge81m;0.00019541;3.2364000000000004e-05;32;49
157;Ge82;0.00076342;0.00022939;32;50
158;Ge83;0.00032541;0.0001491;32;51
159;Ge84;0.00011412;5.563e-05;32;52
160;Ge85;3.2158e-05;1.2829e-05;32;53
161;Ge86;8.665e-06;3.0051e-06;32;54
162;Ge87;7.660100000000001e-09;2.7375e-09;32;55
163;As75;3.3231e-12;1.2475e-12;33;42
164;As75m;1.0872e-11;4.0813e-12;33;42
165;As76;2.3176999999999996e-09;8.7962e-10;33;43
166;As77;1.334e-07;4.6829e-08;33;44
167;As78;2.0733e-06;6.930800000000001e-07;33;45
168;As79;2.2153000000000003e-05;7.2449e-06;33;46
169;As80;0.00022488;6.2906e-05;33;47
170;As81;0.00068459;0.00015483;33;48
171;As82;0.00035971;6.6695e-05;33;49
172;As82m;0.0010855;0.00020127;33;49
173;As83;0.0017613;0.00047103;33;50
174;As84;0.0005262999999999999;0.00024516;33;51
175;As84m;0.0005262999999999999;0.00024516;33;51
176;As85;0.00083538;0.00035329999999999997;33;52
177;As86;0.00038187;0.0001381;33;53
178;As87;0.00013912;5.0853e-05;33;54
179;As88;1.567e-05;6.0664999999999994e-06;33;55
180;As89;2.0663e-06;8.0664e-07;33;56
181;As90;2.5179e-09;9.621299999999999e-10;33;57
182;Se76;0.0;0.0;34;42
183;Se77;1.8762e-12;6.5914e-13;34;43
184;Se77m;1.2273e-11;4.3118e-12;34;43
185;Se78;2.9820000000000002e-09;1.001e-09;34;44
186;Se79;1.4854e-06;4.9365e-07;34;45
187;Se79m;2.2708000000000002e-07;7.5465e-08;34;45
188;Se80;1.8041e-05;5.5617e-06;34;46
189;Se81;2.1809e-05;6.5339e-06;34;47
190;Se81m;0.00014266;4.2741e-05;34;47
191;Se82;0.0010023999999999999;0.00022307;34;48
192;Se83;0.0027263;0.00039705;34;49
193;Se83m;0.00063039;9.1808e-05;34;49
194;Se84;0.0083885;0.00059479;34;50
195;Se85;0.0097447;0.00094316;34;51
196;Se86;0.00987;0.0016452;34;52
197;Se87;0.0054464;0.0017074000000000002;34;53
198;Se88;0.0027004999999999998;0.0011068;34;54
199;Se89;0.0007835;0.00031501;34;55
200;Se90;0.00021813;8.4113e-05;34;56
201;Se91;1.7630999999999998e-05;6.2171e-06;34;57
202;Se92;2.022e-06;7.0354e-07;34;58
203;Br79;4.7859e-12;1.5929e-12;35;44
204;Br79m;1.5658e-11;5.2115e-12;35;44
205;Br80;3.6305000000000005e-10;1.1298000000000001e-10;35;45
206;Br80m;1.0955999999999998e-09;3.4095e-10;35;45
207;Br81;1.2978e-07;4.2771999999999994e-08;35;46
208;Br82;1.907e-06;6.569e-07;35;47
209;Br82m;8.141500000000001e-07;2.8046e-07;35;47
210;Br83;7.1707e-05;2.7881e-05;35;48
211;Br84;0.00018606;7.890000000000001e-05;35;49
212;Br84m;0.00018606;7.890000000000001e-05;35;49
213;Br85;0.0024918;0.0007625;35;50
214;Br86;0.0071381;0.0015026;35;51
215;Br87;0.012767;0.00216;35;52
216;Br88;0.011023999999999999;0.0028594000000000002;35;53
217;Br89;0.0096596;0.0030997;35;54
218;Br90;0.0046521999999999996;0.0017515999999999999;35;55
219;Br91;0.002013;0.00071239;35;56
220;Br92;0.00030262;0.00010547;35;57
221;Br93;6.251399999999999e-05;2.2516e-05;35;58
222;Br94;3.4704000000000003e-06;1.3116999999999999e-06;35;59
223;Br95;7.2592999999999995e-09;2.6968000000000004e-09;35;60
224;Kr80;0.0;0.0;36;44
225;Kr82;6.7125e-10;2.3153999999999998e-10;36;46
226;Kr83;2.2426e-08;8.9155e-09;36;47
227;Kr83m;5.1853e-09;2.0615e-09;36;47
228;Kr84;2.8934e-05;1.2975e-05;36;48
229;Kr85;0.00015061;5.7804e-05;36;49
230;Kr85m;3.4824000000000004e-05;1.3365999999999999e-05;36;49
231;Kr86;0.0022424;0.00065874;36;50
232;Kr87;0.006907300000000001;0.0016832999999999998;36;51
233;Kr88;0.020638999999999998;0.0030085;36;52
234;Kr89;0.034248;0.0035244;36;53
235;Kr90;0.043094;0.0038316;36;54
236;Kr91;0.030849;0.0049295;36;55
237;Kr92;0.017361;0.0044247;36;56
238;Kr93;0.006139899999999999;0.0021089000000000004;36;57
239;Kr94;0.0018006;0.00067609;36;58
240;Kr95;0.00027008;0.00010029;36;59
241;Kr96;4.1898000000000004e-05;1.5137000000000001e-05;36;60
242;Kr97;4.3988e-06;1.5421e-06;36;61
243;Kr98;8.2286e-07;2.8829e-07;36;62
244;Rb85;1.3257000000000001e-08;5.1985e-09;37;48
245;Rb86;7.7759e-07;2.685e-07;37;49
246;Rb86m;1.3987e-06;4.829800000000001e-07;37;49
247;Rb87;8.5661e-05;3.0455e-05;37;50
248;Rb88;0.00038966;0.00014803;37;51
249;Rb89;0.0027967;0.0010131;37;52
250;Rb90;0.0008557;0.00027323;37;53
251;Rb90m;0.0075998;0.0024267;37;53
252;Rb91;0.021575;0.0046184;37;54
253;Rb92;0.026106999999999998;0.0050347000000000005;37;55
254;Rb93;0.027114999999999997;0.005382;37;56
255;Rb94;0.014159999999999999;0.0042979;37;57
256;Rb95;0.0082238;0.0027718000000000005;37;58
257;Rb96;0.0010550000000000002;0.0003738;37;59
258;Rb96m;0.0010550000000000002;0.0003738;37;59
259;Rb97;0.00058533;0.00020386;37;60
260;Rb98;2.9209e-05;1.0226e-05;37;61
261;Rb98m;2.9209e-05;1.0226e-05;37;61
262;Rb99;6.56e-06;2.3665e-06;37;62
263;Rb100;6.712700000000001e-09;2.5499e-09;37;63
264;Sr86;0.0;0.0;38;48
265;Sr87;1.4357000000000001e-09;5.1311e-10;38;49
266;Sr87m;3.3197000000000004e-10;1.1864e-10;38;49
267;Sr88;1.3881e-05;5.3536e-06;38;50
268;Sr89;0.00012427;4.8314e-05;38;51
269;Sr90;0.0011295;0.00042072;38;52
270;Sr91;0.0043164;0.0013901;38;53
271;Sr92;0.016104;0.0039204;38;54
272;Sr93;0.02905;0.0053188;38;55
273;Sr94;0.046061000000000005;0.004854600000000001;38;56
274;Sr95;0.045288;0.004906100000000001;38;57
275;Sr96;0.038167;0.005098;38;58
276;Sr97;0.018431;0.0043793999999999994;38;59
277;Sr98;0.007567;0.0023111;38;60
278;Sr99;0.0019118;0.00066982;38;61
279;Sr100;0.00044369;0.0001674;38;62
280;Sr101;3.6655999999999996e-05;1.3455e-05;38;63
281;Sr102;1.1617e-06;4.1563e-07;38;64
282;Sr103;7.196199999999999e-10;2.5918e-10;38;65
283;Y89;0.0;0.0;39;50
284;Y89m;0.0;0.0;39;50
285;Y90;1.3422e-06;5.128600000000001e-07;39;51
286;Y90m;1.9046000000000002e-06;7.2774e-07;39;51
287;Y91;3.5218e-06;1.2405e-06;39;52
288;Y91m;1.5230999999999999e-05;5.3648e-06;39;52
289;Y92;0.00011937;4.1447e-05;39;53
290;Y93;0.00012734;4.5251000000000004e-05;39;54
291;Y93m;0.00083297;0.00029601;39;54
292;Y94;0.0028076;0.0010275;39;55
293;Y95;0.010776;0.0033996;39;56
294;Y96;0.006305600000000001;0.0016312999999999998;39;57
295;Y96m;0.011342;0.0029344;39;57
296;Y97;0.0054103;0.00095924;39;58
297;Y97m;0.018441;0.0032695;39;58
298;Y97n;0.0049552;0.00087854;39;58
299;Y98;0.0043015;0.00091507;39;59
300;Y98m;0.018090000000000002;0.0038484;39;59
301;Y99;0.019372999999999998;0.0046852;39;60
302;Y100;0.0038858000000000005;0.0012948;39;61
303;Y100m;0.0038858000000000005;0.0012948;39;61
304;Y101;0.0029714000000000003;0.0010259;39;62
305;Y102;0.00026931;9.489e-05;39;63
306;Y102m;0.00026931;9.489e-05;39;63
307;Y103;7.1712e-05;2.5753000000000002e-05;39;64
308;Y104;6.480800000000001e-06;2.4369e-06;39;65
309;Y105;2.5040999999999997e-09;1.0207e-09;39;66
310;Zr90;0.0;0.0;40;50
311;Zr90m;0.0;0.0;40;50
312;Zr91;0.0;0.0;40;51
313;Zr92;3.0333e-06;1.0553e-06;40;52
314;Zr93;2.1858000000000003e-05;7.8666e-06;40;53
315;Zr94;0.00017695;6.6777e-05;40;54
316;Zr95;0.0010044000000000001;0.00036945;40;55
317;Zr96;0.0051372;0.0017343;40;56
318;Zr97;0.011501;0.0033312;40;57
319;Zr98;0.027063999999999998;0.0048938;40;58
320;Zr99;0.036601;0.00511;40;59
321;Zr100;0.045755000000000004;0.0043304;40;60
322;Zr101;0.030052;0.0043365;40;61
323;Zr102;0.017397;0.0034446;40;62
324;Zr103;0.0044174999999999996;0.0013332;40;63
325;Zr104;0.0010185;0.00035716;40;64
326;Zr105;7.193e-05;2.9009e-05;40;65
327;Zr106;8.0296e-06;3.6958999999999996e-06;40;66
328;Zr107;2.1572e-09;8.5812e-10;40;67
329;Zr108;2.1585000000000002e-11;8.1638e-12;40;68
330;Nb95;2.2213e-06;8.252e-07;41;54
331;Nb95m;5.1361e-07;1.908e-07;41;54
332;Nb96;1.5159000000000002e-05;5.4762999999999996e-06;41;55
333;Nb97;0.00012347;4.3252e-05;41;56
334;Nb97m;2.8549e-05;1.0001e-05;41;56
335;Nb98;0.00017463;6.0958e-05;41;57
336;Nb98m;0.00052697;0.00018395;41;57
337;Nb99;0.0029881;0.0010514;41;58
338;Nb99m;0.00069092;0.00024311;41;58
339;Nb100;0.0014705;0.00051431;41;59
340;Nb100m;0.0061842;0.002163;41;59
341;Nb101;0.015891;0.004020599999999999;41;60
342;Nb102;0.008947499999999999;0.0018;41;61
343;Nb102m;0.008947499999999999;0.0018;41;61
344;Nb103;0.017166;0.0026149999999999997;41;62
345;Nb104;0.0033313;0.00078485;41;63
346;Nb104m;0.0033313;0.00078485;41;63
347;Nb105;0.0023434000000000003;0.00068766;41;64
348;Nb106;0.00032363;0.00013133;41;65
349;Nb107;5.0042e-05;1.8965e-05;41;66
350;Nb108;4.8336e-06;1.8088e-06;41;67
351;Nb109;1.5906e-06;5.7808e-07;41;68
352;Nb110;7.4167e-11;2.742e-11;41;69
353;Mo95;0.0;0.0;42;53
354;Mo96;0.0;0.0;42;54
355;Mo97;8.7976e-07;3.0843e-07;42;55
356;Mo98;2.4669e-05;8.646e-06;42;56
357;Mo99;0.00014749;5.3327e-05;42;57
358;Mo100;0.00096688;0.00037186;42;58
359;Mo101;0.0028051;0.0010417999999999998;42;59
360;Mo102;0.007041800000000001;0.0022434;42;60
361;Mo103;0.0091626;0.002361;42;61
362;Mo104;0.010520999999999999;0.0016684;42;62
363;Mo105;0.0062127;0.00079168;42;63
364;Mo106;0.0030774;0.00031429;42;64
365;Mo107;0.00065861;0.00013183;42;65
366;Mo108;0.00015648;4.1803999999999995e-05;42;66
367;Mo109;3.4813e-05;1.1143e-05;42;67
368;Mo110;3.6145999999999997e-06;1.3147e-06;42;68
369;Mo111;1.6437999999999998e-08;5.815100000000001e-09;42;69
370;Mo112;5.1885e-10;1.9268e-10;42;70
371;Mo113;7.5228e-12;2.7379e-12;42;71
372;Tc99;0.0;0.0;43;56
373;Tc99m;0.0;0.0;43;56
374;Tc100;1.0741e-08;4.0799e-09;43;57
375;Tc101;1.0759000000000002e-05;3.9586000000000005e-06;43;58
376;Tc102;4.1808000000000004e-05;1.5131e-05;43;59
377;Tc102m;4.1808000000000004e-05;1.5131e-05;43;59
378;Tc103;0.00029755;0.00011044;43;60
379;Tc104;0.00056214;0.00021629;43;61
380;Tc105;0.00084576;0.00031445;43;62
381;Tc106;0.00064468;0.00024237;43;63
382;Tc107;0.00061328;0.00013138;43;64
383;Tc108;0.00031946;5.3123e-05;43;65
384;Tc109;0.00015452;2.8158e-05;43;66
385;Tc110;9.0831e-05;2.2485999999999998e-05;43;67
386;Tc111;3.6714e-05;1.0434e-05;43;68
387;Tc112;4.3594e-06;1.5584e-06;43;69
388;Tc113;1.4882e-06;5.354399999999999e-07;43;70
389;Tc114;1.0588e-06;3.7478e-07;43;71
390;Tc115;8.4259e-11;3.1143e-11;43;72
391;Ru99;0.0;0.0;44;55
392;Ru100;0.0;0.0;44;56
393;Ru101;0.0;0.0;44;57
394;Ru102;2.3062e-06;8.3121e-07;44;58
395;Ru103;1.0372e-06;3.7771999999999997e-07;44;59
396;Ru103m;2.5041e-06;9.118799999999999e-07;44;59
397;Ru104;2.3721999999999998e-05;9.711900000000001e-06;44;60
398;Ru105;4.1341e-05;2.0573e-05;44;61
399;Ru106;5.4091e-05;4.319399999999999e-05;44;62
400;Ru107;6.7962e-05;3.6967e-05;44;63
401;Ru108;8.3635e-05;3.5532e-05;44;64
402;Ru109;8.944799999999999e-05;2.6614e-05;44;65
403;Ru110;0.00014028;2.5676999999999998e-05;44;66
404;Ru111;0.00011145;1.7605e-05;44;67
405;Ru112;7.1524e-05;1.1435999999999999e-05;44;68
406;Ru113;2.0329e-05;5.8575e-06;44;69
407;Ru113m;2.0329e-05;5.8575e-06;44;69
408;Ru114;1.9208e-05;6.0291e-06;44;70
409;Ru115;3.7954e-06;1.3667e-06;44;71
410;Ru116;2.7003e-06;1.0342e-06;44;72
411;Ru117;5.0059e-10;1.7825e-10;44;73
412;Ru118;1.7875e-11;6.1264e-12;44;74
413;Ru119;6.6446e-08;2.2629e-08;44;75
414;Ru120;5.3615000000000006e-09;1.8763e-09;44;76
415;Rh103;0.0;0.0;45;58
416;Rh103m;0.0;0.0;45;58
417;Rh105;1.3575000000000001e-09;5.5336e-10;45;60
418;Rh105m;2.0752e-10;8.459200000000002e-11;45;60
419;Rh106;5.2533e-09;2.4266e-09;45;61
420;Rh106m;1.2305e-08;5.6836000000000005e-09;45;61
421;Rh107;3.1481e-07;1.2535e-07;45;62
422;Rh108;8.884999999999999e-07;3.3803000000000007e-07;45;63
423;Rh108m;2.6812e-06;1.0201e-06;45;63
424;Rh109;4.7106e-06;1.7203e-06;45;64
425;Rh110;1.203e-05;4.3795999999999995e-06;45;65
426;Rh110m;3.2113e-07;1.1690999999999999e-07;45;65
427;Rh111;4.1365e-05;1.2668e-05;45;66
428;Rh112;1.6462999999999998e-05;4.8701e-06;45;67
429;Rh112m;1.6462999999999998e-05;4.8701e-06;45;67
430;Rh113;8.835200000000001e-05;1.5098e-05;45;68
431;Rh114;2.4415999999999998e-05;5.8925e-06;45;69
432;Rh114m;2.4415999999999998e-05;5.8925e-06;45;69
433;Rh115;5.0787e-05;1.167e-05;45;70
434;Rh116;5.2824000000000004e-06;1.8894e-06;45;71
435;Rh116m;1.2373e-05;4.4254e-06;45;71
436;Rh117;7.608400000000001e-06;2.5902999999999996e-06;45;72
437;Rh118;3.9775e-06;1.3372e-06;45;73
438;Rh119;2.0022e-05;6.11e-06;45;74
439;Rh120;2.4818e-06;8.568899999999999e-07;45;75
440;Rh121;3.8236e-07;1.4095e-07;45;76
441;Rh122;1.8085e-08;6.6951e-09;45;77
442;Pd105;0.0;0.0;46;59
443;Pd106;0.0;0.0;46;60
444;Pd107;0.0;0.0;46;61
445;Pd108;6.475700000000001e-10;2.4492e-10;46;62
446;Pd109;2.7216e-09;9.9515e-10;46;63
447;Pd109m;5.1149e-09;1.8702e-09;46;63
448;Pd110;2.5416e-07;9.3946e-08;46;64
449;Pd111;2.457e-06;8.549500000000001e-07;46;65
450;Pd111m;4.6177e-06;1.6066999999999998e-06;46;65
451;Pd112;8.5425e-06;3.0347000000000004e-06;46;66
452;Pd113;7.692999999999999e-06;2.4855e-06;46;67
453;Pd113m;1.8572e-05;6.000399999999999e-06;46;67
454;Pd114;5.7856e-05;1.2394e-05;46;68
455;Pd115;1.8816e-05;4.103e-06;46;69
456;Pd115m;3.5362e-05;7.711e-06;46;69
457;Pd116;0.00011979;1.2179000000000001e-05;46;70
458;Pd117;2.3271999999999997e-05;4.6556e-06;46;71
459;Pd117m;4.3737e-05;8.749400000000001e-06;46;71
460;Pd118;7.2631e-05;1.5615e-05;46;72
461;Pd119;2.5381e-05;7.5693e-06;46;73
462;Pd120;1.3712e-05;4.4686e-06;46;74
463;Pd121;1.3219e-06;4.8446e-07;46;75
464;Pd122;1.2819e-05;4.4392e-06;46;76
465;Pd123;9.0631e-07;3.2508000000000005e-07;46;77
466;Pd124;2.2504e-07;8.040300000000001e-08;46;78
467;Ag109;0.0;0.0;47;62
468;Ag109m;0.0;0.0;47;62
469;Ag110;5.1211e-12;1.8933e-12;47;63
470;Ag110m;1.1994999999999998e-11;4.4345e-12;47;63
471;Ag111;1.6462000000000002e-10;5.8246e-11;47;64
472;Ag111m;1.0769e-09;3.8100999999999996e-10;47;64
473;Ag112;1.2622e-08;4.687e-09;47;65
474;Ag113;1.9605999999999997e-07;7.0998e-08;47;66
475;Ag113m;1.2825e-06;4.6443000000000004e-07;47;66
476;Ag114;2.0246999999999999e-07;7.199499999999999e-08;47;67
477;Ag114m;8.515299999999999e-07;3.0278e-07;47;67
478;Ag115;5.005e-07;1.8121e-07;47;68
479;Ag115m;3.274e-06;1.1854000000000001e-06;47;68
480;Ag116;4.7962e-06;1.7543e-06;47;69
481;Ag116m;1.1234000000000001e-05;4.1091e-06;47;69
482;Ag117;6.6864999999999994e-06;1.669e-06;47;70
483;Ag117m;4.3738999999999996e-05;1.0918e-05;47;70
484;Ag118;9.5862e-06;2.5290000000000003e-06;47;71
485;Ag118m;4.0316e-05;1.0636e-05;47;71
486;Ag119;1.0443e-05;1.9828e-06;47;72
487;Ag119m;6.8314e-05;1.297e-05;47;72
488;Ag120;2.2215e-05;5.6673e-06;47;73
489;Ag120m;3.1523e-05;8.0417e-06;47;73
490;Ag121;2.9591e-05;8.9367e-06;47;74
491;Ag122;7.2717999999999996e-06;2.52e-06;47;75
492;Ag122m;6.5501999999999996e-06;2.2699e-06;47;75
493;Ag123;2.57e-06;9.116899999999999e-07;47;76
494;Ag124;3.5729e-06;1.2357999999999999e-06;47;77
495;Ag124m;3.2182999999999997e-06;1.1132e-06;47;77
496;Ag125;3.483e-06;1.1875e-06;47;78
497;Ag126;1.3672999999999998e-06;4.5387000000000003e-07;47;79
498;Ag127;9.354799999999999e-07;3.0109e-07;47;80
499;Ag128;1.589e-08;5.220100000000001e-09;47;81
500;Ag129;9.9181e-10;3.4160000000000004e-10;47;82
501;Cd110;0.0;0.0;48;62
502;Cd111;0.0;0.0;48;63
503;Cd112;0.0;0.0;48;64
504;Cd113;1.7611e-11;6.4092e-12;48;65
505;Cd113m;5.7617e-11;2.0969e-11;48;65
506;Cd114;4.1826e-09;1.4947e-09;48;66
507;Cd115;1.1348e-08;4.1934e-09;48;67
508;Cd115m;3.7128e-08;1.3719999999999998e-08;48;67
509;Cd116;2.6862000000000002e-06;1.0342e-06;48;68
510;Cd117;6.6356e-07;2.3329999999999998e-07;48;69
511;Cd117m;2.1709e-06;7.632899999999999e-07;48;69
512;Cd118;2.2222e-05;6.9548e-06;48;70
513;Cd119;9.7808e-06;2.843e-06;48;71
514;Cd119m;2.3611999999999997e-05;6.8633e-06;48;71
515;Cd120;7.7853e-05;1.5769e-05;48;72
516;Cd121;2.4316e-05;3.262e-06;48;73
517;Cd121m;5.8703000000000004e-05;7.875e-06;48;73
518;Cd122;0.00012264;1.6287000000000002e-05;48;74
519;Cd123;2.044e-05;4.0543e-06;48;75
520;Cd123m;4.9345e-05;9.7877e-06;48;75
521;Cd124;0.00012782;2.2768000000000003e-05;48;76
522;Cd125;3.4735e-05;7.2311e-06;48;77
523;Cd125m;8.3855e-05;1.7457e-05;48;77
524;Cd126;0.00018876;3.681e-05;48;78
525;Cd127;0.00014772;3.4016e-05;48;79
526;Cd128;8.7524e-05;2.3883e-05;48;80
527;Cd129;8.4953e-06;2.7262e-06;48;81
528;Cd129m;2.0509e-05;6.5814e-06;48;81
529;Cd130;1.1133e-05;3.942e-06;48;82
530;Cd131;2.11e-08;7.3665e-09;48;83
531;In113;0.0;0.0;49;64
532;In115;6.8435e-12;2.5294e-12;49;66
533;In115m;1.5824e-12;5.8487e-13;49;66
534;In116;9.694400000000001e-11;3.7621000000000004e-11;49;67
535;In116m;1.4859e-10;5.7663999999999993e-11;49;67
536;In116n;1.4391999999999998e-10;5.5850000000000006e-11;49;67
537;In117;1.3543000000000001e-08;4.8222e-09;49;68
538;In117m;3.1314e-09;1.115e-09;49;68
539;In118;4.8799e-08;1.6720999999999998e-08;49;69
540;In118m;7.4797e-08;2.5629e-08;49;69
541;In118n;7.2444e-08;2.4823e-08;49;69
542;In119;7.1508e-11;2.4361999999999998e-11;49;70
543;In119m;1.6534000000000002e-11;5.6331e-12;49;70
544;In120;1.7847e-06;6.191700000000001e-07;49;71
545;In120m;1.7847e-06;6.191700000000001e-07;49;71
546;In120n;1.7847e-06;6.191700000000001e-07;49;71
547;In121;1.034e-05;3.674e-06;49;72
548;In121m;2.3909e-06;8.4951e-07;49;72
549;In122;1.296e-05;4.5039999999999996e-06;49;73
550;In122m;9.195e-06;3.1955e-06;49;73
551;In122n;9.195e-06;3.1955e-06;49;73
552;In123;4.7326999999999996e-05;1.1259e-05;49;74
553;In123m;1.0943e-05;2.6035e-06;49;74
554;In124;3.9413000000000004e-05;1.1147e-05;49;75
555;In124m;3.5503e-05;1.004e-05;49;75
556;In125;0.00010553;2.2658000000000002e-05;49;76
557;In125m;2.4401e-05;5.2390999999999995e-06;49;76
558;In126;0.00011288;2.7000999999999998e-05;49;77
559;In126m;0.00010168;2.4322e-05;49;77
560;In127;0.00043325;9.558e-05;49;78
561;In127m;0.00010018;2.2100000000000002e-05;49;78
562;In128;0.00029682;7.7887e-05;49;79
563;In128m;0.00012082;3.1705e-05;49;79
564;In128n;0.0003762;9.8718e-05;49;79
565;In129;0.00081219;0.00021848;49;80
566;In129m;0.0001878;5.0518e-05;49;80
567;In130;0.00014866;4.7666999999999996e-05;49;81
568;In130m;0.00016604;5.324e-05;49;81
569;In130n;0.00028250000000000004;9.0584e-05;49;81
570;In131;6.7727e-05;2.2759e-05;49;82
571;In131m;6.7727e-05;2.2759e-05;49;82
572;In131n;6.7727e-05;2.2759e-05;49;82
573;In132;1.0603e-05;3.6297e-06;49;83
574;In133;4.6663000000000004e-07;1.6618e-07;49;84
575;In133m;1.079e-07;3.8424e-08;49;84
576;In134;6.9594e-09;2.6587e-09;49;85
577;Sn115;0.0;0.0;50;65
578;Sn116;0.0;0.0;50;66
579;Sn117;0.0;0.0;50;67
580;Sn117m;0.0;0.0;50;67
581;Sn118;7.7456e-11;2.6546999999999998e-11;50;68
582;Sn119;0.0;0.0;50;69
583;Sn119m;0.0;0.0;50;69
584;Sn120;0.0;0.0;50;70
585;Sn121;1.7438e-12;6.4453e-13;50;71
586;Sn121m;4.2097e-12;1.5560000000000002e-12;50;71
587;Sn122;3.3812e-06;1.2466e-06;50;72
588;Sn123;4.4771e-06;1.5797999999999999e-06;50;73
589;Sn123m;1.8546e-06;6.543999999999999e-07;50;73
590;Sn124;3.9692e-05;1.311e-05;50;74
591;Sn125;3.3594000000000004e-05;1.0737e-05;50;75
592;Sn125m;1.3915e-05;4.4474e-06;50;75
593;Sn126;0.00017055;4.7317e-05;50;76
594;Sn127;0.00037483;8.461200000000001e-05;50;77
595;Sn127m;0.00015526;3.5048e-05;50;77
596;Sn128;0.0006764;7.4387e-05;50;78
597;Sn128m;0.0015843;0.00017423;50;78
598;Sn129;0.0016852;0.00016682;50;79
599;Sn129m;0.0040683;0.00040274;50;79
600;Sn130;0.0036458;0.00050298;50;80
601;Sn130m;0.0085392;0.0011780999999999999;50;80
602;Sn131;0.0033309;0.00065908;50;81
603;Sn131m;0.0080411;0.0015911;50;81
604;Sn132;0.0073672;0.0018739000000000002;50;82
605;Sn133;0.00095862;0.00033046;50;83
606;Sn134;0.00010888;4.1441000000000005e-05;50;84
607;Sn135;9.9098e-06;3.6238e-06;50;85
608;Sn136;8.927299999999999e-07;3.1311e-07;50;86
609;Sb121;0.0;0.0;51;70
610;Sb123;0.0;0.0;51;72
611;Sb124;2.6892e-11;9.62e-12;51;73
612;Sb124m;2.0562e-11;7.3556e-12;51;73
613;Sb124n;2.7810000000000002e-11;9.9484e-12;51;73
614;Sb125;3.4432e-06;1.1876999999999999e-06;51;74
615;Sb126;3.0031e-06;9.979500000000001e-07;51;75
616;Sb126m;2.2204e-06;7.3786e-07;51;75
617;Sb126n;2.9039e-06;9.65e-07;51;75
618;Sb127;2.8699999999999996e-05;9.2021e-06;51;76
619;Sb128;7.0334e-05;2.2732e-05;51;77
620;Sb128m;0.00012002;3.8788e-05;51;77
621;Sb129;0.00078866;0.00025635;51;78
622;Sb129m;0.00048194;0.00015665;51;78
623;Sb130;0.0025329999999999997;0.00077515;51;79
624;Sb130m;0.0025329999999999997;0.00077515;51;79
625;Sb131;0.013297;0.0025175;51;80
626;Sb132;0.01179;0.0021798;51;81
627;Sb132m;0.0086897;0.0016065;51;81
628;Sb133;0.024142;0.0048678;51;82
629;Sb134;0.0019194000000000004;0.00066013;51;83
630;Sb134m;0.0044957;0.0015462;51;83
631;Sb135;0.0014046;0.0005007;51;84
632;Sb136;0.00021462;7.4954e-05;51;85
633;Sb137;2.2588e-05;8.0374e-06;51;86
634;Sb138;3.9391999999999997e-07;1.4699000000000002e-07;51;87
635;Sb139;1.2132e-08;4.3945e-09;51;88
636;Te124;0.0;0.0;52;72
637;Te125;0.0;0.0;52;73
638;Te125m;0.0;0.0;52;73
639;Te126;2.4392e-11;8.1379e-12;52;74
640;Te127;5.4641e-07;1.7633e-07;52;75
641;Te127m;1.3191e-06;4.2567e-07;52;75
642;Te128;5.419600000000001e-06;1.7797999999999999e-06;52;76
643;Te129;2.4565e-05;8.439299999999999e-06;52;77
644;Te129m;5.930399999999999e-05;2.0374000000000002e-05;52;77
645;Te130;0.00080301;0.00029072;52;78
646;Te131;0.0012624000000000001;0.00040915;52;79
647;Te131m;0.0030475000000000003;0.00098775;52;79
648;Te132;0.015041999999999998;0.0036125;52;80
649;Te133;0.011536;0.0014861;52;81
650;Te133m;0.02785;0.0035876;52;81
651;Te134;0.063001;0.0041485;52;82
652;Te135;0.034776999999999995;0.0054889;52;83
653;Te136;0.016652;0.004203;52;84
654;Te137;0.004843999999999999;0.0015974000000000001;52;85
655;Te138;0.0011279999999999999;0.00041453;52;86
656;Te139;0.00016977;6.1363e-05;52;87
657;Te140;2.4771e-05;8.7074e-06;52;88
658;Te141;6.0694e-08;2.1076000000000003e-08;52;89
659;Te142;2.3176999999999996e-09;8.2576e-10;52;90
660;I127;0.0;0.0;53;74
661;I129;3.6366e-09;1.2525e-09;53;76
662;I130;1.5116e-06;5.529e-07;53;77
663;I130m;6.453399999999999e-07;2.3605e-07;53;77
664;I131;2.9604e-05;1.0333e-05;53;78
665;I132;0.00016349;5.5941000000000005e-05;53;79
666;I132m;0.0001205;4.1228999999999994e-05;53;79
667;I133;0.0012301999999999999;0.00043312;53;80
668;I133m;0.00075174;0.00026468;53;80
669;I134;0.0044173;0.0015765;53;81
670;I134m;0.0032556999999999994;0.0011619000000000002;53;81
671;I135;0.024635;0.0053729;53;82
672;I136;0.009090299999999999;0.0016331;53;83
673;I136m;0.021292;0.0038251999999999995;53;83
674;I137;0.027025999999999998;0.0053108;53;84
675;I138;0.012419;0.0038407;53;85
676;I139;0.007384600000000001;0.0024263;53;86
677;I140;0.0019313;0.00066619;53;87
678;I141;0.00046843;0.00016186;53;88
679;I142;4.6773e-05;1.6658e-05;53;89
680;I143;4.3187e-06;1.6019e-06;53;90
681;I144;7.4082e-09;2.7318000000000004e-09;53;91
682;Xe130;0.0;0.0;54;76
683;Xe131;2.06e-10;7.192199999999999e-11;54;77
684;Xe131m;4.9731e-10;1.7363e-10;54;77
685;Xe132;1.654e-06;5.6717e-07;54;78
686;Xe132m;1.8747999999999998e-06;6.429300000000001e-07;54;78
687;Xe133;1.2449e-05;4.4328e-06;54;79
688;Xe133m;3.0053000000000002e-05;1.0701e-05;54;79
689;Xe134;0.00010471;3.9919e-05;54;80
690;Xe134m;0.00024527;9.3501e-05;54;80
691;Xe135;0.00073122;0.00026037;54;81
692;Xe135m;0.0017652999999999998;0.00062856;54;81
693;Xe136;0.016028;0.0042176;54;82
694;Xe137;0.029632;0.005333;54;83
695;Xe138;0.049826;0.0045003;54;84
696;Xe139;0.043433;0.0047758;54;85
697;Xe140;0.038343;0.0050983999999999995;54;86
698;Xe141;0.019466;0.0046566;54;87
699;Xe142;0.0068491;0.0022627;54;88
700;Xe143;0.0018222000000000002;0.00066902;54;89
701;Xe144;0.00031546;0.00011624;54;90
702;Xe145;3.1726999999999996e-05;1.0898e-05;54;91
703;Xe146;5.5535e-06;1.8576e-06;54;92
704;Xe147;5.3848e-10;1.8630000000000002e-10;54;93
705;Cs133;0.0;0.0;55;78
706;Cs134;1.0016e-08;3.8264999999999996e-09;55;79
707;Cs134m;7.3819999999999995e-09;2.8202e-09;55;79
708;Cs135;5.590299999999999e-07;2.0449999999999998e-07;55;80
709;Cs135m;3.4162e-07;1.2495999999999998e-07;55;80
710;Cs136;2.2516e-05;7.893200000000001e-06;55;81
711;Cs136m;1.3195e-05;4.6258e-06;55;81
712;Cs137;0.00081095;0.00028555;55;82
713;Cs138;0.00139;0.00049715;55;83
714;Cs138m;0.0019722999999999997;0.00070544;55;83
715;Cs139;0.011949;0.0035481;55;84
716;Cs140;0.018194;0.0045685000000000005;55;85
717;Cs141;0.02908;0.0050927;55;86
718;Cs142;0.023329;0.0049473;55;87
719;Cs143;0.015681999999999998;0.0045113;55;88
720;Cs144;0.0034328;0.001201;55;89
721;Cs144m;0.0034328;0.001201;55;89
722;Cs145;0.0019680999999999995;0.00066865;55;90
723;Cs146;0.00032346;0.00010806;55;91
724;Cs147;6.650800000000001e-05;2.3007e-05;55;92
725;Cs148;2.7207e-06;1.0027e-06;55;93
726;Cs149;2.8061999999999997e-09;9.9823e-10;55;94
727;Ba134;0.0;0.0;56;78
728;Ba136;2.671e-07;9.368299999999999e-08;56;80
729;Ba136m;6.256100000000001e-07;2.1943000000000003e-07;56;80
730;Ba137;2.0354e-06;7.244899999999999e-07;56;81
731;Ba137m;4.9138e-06;1.7490000000000001e-06;56;81
732;Ba138;0.00013944;5.1897e-05;56;82
733;Ba139;0.00085377;0.00030401;56;83
734;Ba140;0.0050254;0.0015902000000000002;56;84
735;Ba141;0.0095955;0.0027041;56;85
736;Ba142;0.027620999999999996;0.004862600000000001;56;86
737;Ba143;0.039932999999999996;0.0048272;56;87
738;Ba144;0.041418;0.0034735;56;88
739;Ba145;0.023553;0.0031561;56;89
740;Ba146;0.010771;0.0025434;56;90
741;Ba147;0.0038881000000000002;0.0012549000000000002;56;91
742;Ba148;0.00087512;0.00032138;56;92
743;Ba149;0.00012213;4.3407e-05;56;93
744;Ba150;1.0524000000000001e-05;3.503e-06;56;94
745;Ba151;6.6796e-09;2.1911e-09;56;95
746;Ba152;1.0153000000000001e-10;3.5622e-11;56;96
747;La139;1.9412e-08;7.031300000000001e-09;57;82
748;La140;6.462799999999999e-06;2.2719e-06;57;83
749;La141;0.00010678;3.6952e-05;57;84
750;La142;0.00031629;0.00011162;57;85
751;La143;0.0021561999999999996;0.00075324;57;86
752;La144;0.0056665;0.0017919000000000001;57;87
753;La145;0.012709;0.0028734999999999998;57;88
754;La146;0.004640600000000001;0.00091933;57;89
755;La146m;0.0083474;0.0016537;57;89
756;La147;0.0094631;0.0019158;57;90
757;La148;0.0047001000000000005;0.0014067;57;91
758;La149;0.0018628;0.00062424;57;92
759;La150;0.00048783;0.00016045;57;93
760;La151;8.656700000000001e-05;2.8346e-05;57;94
761;La152;1.1309000000000001e-05;3.9664e-06;57;95
762;La153;2.2025999999999998e-08;8.490799999999999e-09;57;96
763;La154;1.3004e-10;5.5082e-11;57;97
764;Ce140;0.0;0.0;58;82
765;Ce141;1.4115e-09;4.9015e-10;58;83
766;Ce142;1.0956e-05;3.9006e-06;58;84
767;Ce143;4.7634e-05;1.7612e-05;58;85
768;Ce144;0.00041193;0.00014807;58;86
769;Ce145;0.0015366;0.00048177;58;87
770;Ce146;0.0058891;0.0013762;58;88
771;Ce147;0.0089443;0.0016671;58;89
772;Ce148;0.010936;0.0014789000000000002;58;90
773;Ce149;0.0072982;0.00076595;58;91
774;Ce150;0.004247399999999999;0.00046778;58;92
775;Ce151;0.0017878;0.00038373;58;93
776;Ce152;0.00051768;0.00016698;58;94
777;Ce153;7.8988e-05;2.9975e-05;58;95
778;Ce154;8.3777e-06;3.5301e-06;58;96
779;Ce155;1.7006e-08;7.0773999999999996e-09;58;97
780;Ce156;3.784e-10;1.4376e-10;58;98
781;Ce157;1.5657e-12;5.568300000000001e-13;58;99
782;Pr141;0.0;0.0;59;82
783;Pr143;0.0;0.0;59;84
784;Pr144;7.497100000000001e-10;2.7646e-10;59;85
785;Pr144m;6.6585000000000005e-09;2.4553000000000004e-09;59;85
786;Pr145;2.1897999999999998e-06;7.519299999999999e-07;59;86
787;Pr146;2.0066e-05;6.6846e-06;59;87
788;Pr147;0.00011671;3.9401e-05;59;88
789;Pr148;7.191100000000001e-05;2.4485e-05;59;89
790;Pr148m;0.00030243;0.00010297;59;89
791;Pr149;0.00096135;0.00028159;59;90
792;Pr150;0.0015735;0.00037802;59;91
793;Pr151;0.0018410999999999998;0.00036677;59;92
794;Pr152;0.0010605;0.00021921;59;93
795;Pr153;0.00047512;0.00013282;59;94
796;Pr154;0.00011304;4.295e-05;59;95
797;Pr155;2.6192e-05;1.016e-05;59;96
798;Pr156;2.9161000000000003e-06;1.0876e-06;59;97
799;Pr157;3.1516e-08;1.1204e-08;59;98
800;Pr158;2.1533e-10;8.131100000000001e-11;59;99
801;Pr159;3.7559e-12;1.3673e-12;59;100
802;Nd143;0.0;0.0;60;83
803;Nd144;0.0;0.0;60;84
804;Nd145;0.0;0.0;60;85
805;Nd146;1.2612000000000002e-09;4.2187e-10;60;86
806;Nd147;9.9524e-07;3.4412e-07;60;87
807;Nd148;1.4633e-05;5.344700000000001e-06;60;88
808;Nd149;4.592e-05;1.5929e-05;60;89
809;Nd150;0.00023186;6.8947e-05;60;90
810;Nd151;0.00057277;0.00014052;60;91
811;Nd152;0.00094346;0.00018104;60;92
812;Nd153;0.00089336;0.00013728;60;93
813;Nd154;0.00058062;5.2311e-05;60;94
814;Nd155;0.00024297;2.2536e-05;60;95
815;Nd156;8.8985e-05;1.2033e-05;60;96
816;Nd157;2.2774000000000003e-05;5.5752e-06;60;97
817;Nd158;2.9957e-06;1.0061e-06;60;98
818;Nd159;1.1721e-08;4.2635000000000004e-09;60;99
819;Nd160;4.9816e-10;5.420800000000001e-10;60;100
820;Pm147;0.0;0.0;61;86
821;Pm149;2.0044000000000002e-09;7.130299999999999e-10;61;88
822;Pm150;9.5514e-07;3.1870999999999997e-07;61;89
823;Pm151;1.0776999999999999e-06;3.5454e-07;61;90
824;Pm152;1.7255e-06;6.2277e-07;61;91
825;Pm152m;3.4457e-06;1.2436e-06;61;91
826;Pm152n;3.8113e-06;1.3755000000000002e-06;61;91
827;Pm153;2.0349e-05;8.432e-06;61;92
828;Pm154;1.4697999999999999e-05;6.88e-06;61;93
829;Pm154m;1.4697999999999999e-05;6.88e-06;61;93
830;Pm155;3.3561e-05;1.4350999999999999e-05;61;94
831;Pm156;3.4914e-05;1.1117e-05;61;95
832;Pm157;2.7380999999999998e-05;6.2393e-06;61;96
833;Pm158;5.9194000000000004e-06;1.7557e-06;61;97
834;Pm159;3.0456e-06;8.653299999999999e-07;61;98
835;Pm160;1.3287e-07;1.4412e-07;61;99
836;Pm161;3.2080999999999997e-09;1.1962e-09;61;100
837;Pm162;2.0371000000000001e-10;2.2249999999999998e-10;61;101
838;Pm163;5.557e-12;5.9927e-12;61;102
839;Sm147;0.0;0.0;62;85
840;Sm149;0.0;0.0;62;87
841;Sm150;0.0;0.0;62;88
842;Sm151;1.095e-10;3.5920000000000004e-11;62;89
843;Sm152;3.8581e-09;1.3535999999999998e-09;62;90
844;Sm153;1.4005e-08;5.3996e-09;62;91
845;Sm153m;3.381e-08;1.3035e-08;62;91
846;Sm154;9.290999999999999e-07;3.9485e-07;62;92
847;Sm155;8.5982e-06;3.6285e-06;62;93
848;Sm156;7.5670000000000006e-06;2.8179e-06;62;94
849;Sm157;1.5739e-05;4.6269e-06;62;95
850;Sm158;1.0293e-05;2.2365e-06;62;96
851;Sm159;6.081e-06;1.0417e-06;62;97
852;Sm160;3.4953e-06;3.4751999999999998e-06;62;98
853;Sm161;4.4101000000000006e-07;9.0428e-08;62;99
854;Sm162;8.274100000000001e-08;8.936600000000001e-08;62;100
855;Sm163;3.5270000000000003e-09;3.7994e-09;62;101
856;Sm164;2.2718e-10;2.4517e-10;62;102
857;Sm165;3.7584e-12;4.0106e-12;62;103
858;Eu151;0.0;0.0;63;88
859;Eu153;0.0;0.0;63;90
860;Eu154;3.0405000000000004e-11;1.288e-11;63;91
861;Eu154m;2.7389e-11;1.1602000000000002e-11;63;91
862;Eu155;2.4798e-09;1.0321e-09;63;92
863;Eu156;1.9313e-08;7.337e-09;63;93
864;Eu157;2.6093000000000005e-07;9.258800000000001e-08;63;94
865;Eu158;3.8592e-07;1.4396e-07;63;95
866;Eu159;1.4947999999999999e-06;4.8969e-07;63;96
867;Eu160;6.9853e-07;7.4778e-07;63;97
868;Eu161;3.4701e-07;8.701000000000001e-08;63;98
869;Eu162;3.1513000000000004e-07;3.2936e-07;63;99
870;Eu163;1.4256999999999999e-07;1.4675999999999997e-07;63;100
871;Eu164;1.2974000000000001e-08;1.3871e-08;63;101
872;Eu165;2.6883000000000003e-09;2.8552e-09;63;102
873;Eu166;9.408700000000001e-11;1.0018000000000001e-10;63;103
874;Eu167;4.5226e-12;4.8508e-12;63;104
875;Gd154;0.0;0.0;64;90
876;Gd155;0.0;0.0;64;91
877;Gd156;0.0;0.0;64;92
878;Gd157;5.010100000000001e-11;1.7819000000000004e-11;64;93
879;Gd158;9.8213e-10;3.7085e-10;64;94
880;Gd159;5.8826e-09;2.1408000000000003e-09;64;95
881;Gd160;5.3549e-08;5.8200000000000005e-08;64;96
882;Gd161;2.1595e-08;7.9332e-09;64;97
883;Gd162;1.9506e-07;2.0744e-07;64;98
884;Gd163;1.0022000000000001e-07;1.0465e-07;64;99
885;Gd164;8.5914e-08;8.676600000000001e-08;64;100
886;Gd165;2.1817000000000003e-08;2.2376e-08;64;101
887;Gd166;8.4847e-09;8.7134e-09;64;102
888;Gd167;5.9843e-10;6.3815e-10;64;103
889;Gd168;8.4457e-11;8.999700000000001e-11;64;104
890;Gd169;2.4667e-12;2.625e-12;64;105
891;Tb159;1.3658e-12;4.972e-13;65;94
892;Tb160;1.8517e-11;2.015e-11;65;95
893;Tb161;9.745999999999999e-11;3.6429e-11;65;96
894;Tb162;1.3232e-09;1.4451e-09;65;97
895;Tb163;7.797500000000001e-09;8.3886e-09;65;98
896;Tb164;8.462799999999999e-09;9.0783e-09;65;99
897;Tb165;2.0625e-08;2.1202e-08;65;100
898;Tb166;9.052100000000001e-09;9.272600000000001e-09;65;101
899;Tb167;6.1812e-09;6.2197e-09;65;102
900;Tb168;1.1183e-09;1.1625e-09;65;103
901;Tb169;3.7891e-10;3.9468999999999996e-10;65;104
902;Tb170;2.0000000000000002e-11;2.1362e-11;65;105
903;Tb171;2.098e-12;2.2432e-12;65;106
904;Dy160;0.0;0.0;66;94
905;Dy161;0.0;0.0;66;95
906;Dy162;0.0;0.0;66;96
907;Dy163;6.4456e-12;6.9511e-12;66;97
908;Dy164;8.9411e-11;9.6501e-11;66;98
909;Dy165;2.7466e-10;2.9294e-10;66;99
910;Dy165m;4.1988e-11;4.4782e-11;66;99
911;Dy166;1.5252999999999999e-09;1.6144e-09;66;100
912;Dy167;1.2619e-09;1.3369e-09;66;101
913;Dy168;2.1400999999999997e-09;2.1683e-09;66;102
914;Dy169;8.2716e-10;8.389299999999999e-10;66;103
915;Dy170;4.3927999999999996e-10;4.4266e-10;66;104
916;Dy171;6.1853e-11;6.4895e-11;66;105
917;Dy172;1.6940000000000002e-11;1.7783e-11;66;106
918;Ho165;0.0;0.0;67;98
919;Ho166;6.703899999999999e-13;7.1404e-13;67;99
920;Ho166m;1.5702e-12;1.6725e-12;67;99
921;Ho167;2.3033000000000003e-11;2.47e-11;67;100
922;Ho168;2.2561e-11;2.4058000000000004e-11;67;101
923;Ho168m;3.2014e-11;3.4137e-11;67;101
924;Ho169;2.2109e-10;2.324e-10;67;102
925;Ho170;9.609399999999998e-11;1.0104999999999999e-10;67;103
926;Ho170m;4.1026000000000004e-11;4.3142e-11;67;103
927;Ho171;1.7956e-10;1.811e-10;67;104
928;Ho172;5.757899999999999e-11;5.8534e-11;67;105
929;Ho173;2.6366999999999995e-11;2.6783000000000003e-11;67;106
930;Ho174;2.5281e-12;2.6858e-12;67;107
931;Er166;0.0;0.0;68;98
932;Er167;0.0;0.0;68;99
933;Er167m;0.0;0.0;68;99
934;Er168;0.0;0.0;68;100
935;Er169;0.0;0.0;68;101
936;Er170;5.6747e-12;6.0723e-12;68;102
937;Er171;9.9377e-12;1.06e-11;68;103
938;Er172;3.1951999999999995e-11;3.3154000000000005e-11;68;104
939;Er173;1.6666e-11;1.7245e-11;68;105
940;Er174;1.4999e-11;1.5073e-11;68;106
941;Er175;3.9805e-12;4.0655e-12;68;107
942;Er176;1.5845e-12;1.6219999999999998e-12;68;108
943;Tm169;0.0;0.0;69;100
944;Tm171;0.0;0.0;69;102
945;Tm172;0.0;0.0;69;103
946;Tm173;1.1479999999999998e-12;1.2219e-12;69;104
947;Tm174;1.3194e-12;1.4089e-12;69;105
948;Tm175;3.3811e-12;3.4756e-12;69;106
949;Tm176;1.5186e-12;1.5572e-12;69;107
950;Tm177;1.089e-12;1.0951e-12;69;108
951;Yb171;0.0;0.0;70;101
952;Yb172;0.0;0.0;70;102
953;Yb173;0.0;0.0;70;103
954;Yb174;0.0;0.0;70;104
955;Yb175;0.0;0.0;70;105
956;Yb175m;0.0;0.0;70;105
957;Yb176;0.0;0.0;70;106
958;Yb176m;0.0;0.0;70;106
959;Yb177;0.0;0.0;70;107
960;Yb177m;0.0;0.0;70;107
961;Lu175;0.0;0.0;71;104
962;Lu177;0.0;0.0;71;106
963;Hf177;0.0;0.0;72;105
